,x_ones,x_Mkt-RF,x_SMB,x_HML,x_RMW,x_CMA,y_exp_return
2019-02-26,1.0,-0.16,-0.68,-0.33,0.09,-0.15,-2.033472353401223
2019-02-27,1.0,0.09,0.15,-0.12,-0.68,-0.08,-3.0252811641555253
2019-02-28,1.0,-0.31,-0.02,-0.24,0.29,0.16,0.20295206722315995
2019-03-01,1.0,0.72,0.25,-0.4,-0.36,-0.17,0.6284824230897857
2019-03-04,1.0,-0.52,-0.39,0.37,0.15,-0.08,-1.3181193494394692
2019-03-05,1.0,-0.17,-0.32,-0.23,0.28,0.0,0.5472651095346149
2019-03-06,1.0,-0.84,-1.23,0.05,0.56,0.13,-4.6472985216505975
2019-03-07,1.0,-0.82,-0.05,-0.33,-0.38,0.13,-1.4815565638241788
2019-03-08,1.0,-0.22,0.06,-0.16,-0.11,-0.28,-0.32602760446599144
2019-03-11,1.0,1.49,0.27,-0.53,-0.28,-0.47,4.307214655664652
2019-03-12,1.0,0.25,-0.31,-0.09,-0.43,0.02,2.2993654520001052
2019-03-13,1.0,0.68,-0.32,0.07,-0.17,0.19,-0.47728697923961827
2019-03-14,1.0,-0.1,-0.38,0.3,-0.15,-0.1,-2.4042073825652786
2019-03-15,1.0,0.48,-0.24,-0.25,-0.03,-0.19,2.050602221685064
2019-03-18,1.0,0.46,0.23,0.44,-0.08,-0.07,-0.18075145536673098
2019-03-19,1.0,-0.09,-0.47,-0.93,0.01,-0.05,11.818956989247301
2019-03-20,1.0,-0.39,-0.23,-1.05,-0.21,-0.23,-1.162843219463646
2019-03-21,1.0,1.11,0.17,-1.23,0.31,-0.34,8.5123951816961
2019-03-22,1.0,-2.17,-1.57,-0.07,0.56,0.6,-5.458976994188088
2019-03-25,1.0,-0.05,0.6,-0.25,0.2,0.04,-1.525880975156365
2019-03-26,1.0,0.76,0.23,0.46,0.05,0.19,-1.087162443973929
2019-03-27,1.0,-0.5,0.17,0.5,0.76,0.1,-3.12305655032434
2019-03-28,1.0,0.4,0.35,0.02,-0.13,-0.08,0.674005546254245
2019-03-29,1.0,0.66,-0.28,-0.92,0.2,-0.17,1.8265985699299416
2019-04-01,1.0,1.19,-0.19,0.99,-0.06,-0.32,3.2815365890298978
2019-04-02,1.0,-0.05,-0.18,-0.44,-0.38,-0.5,1.4695120660781924
2019-04-03,1.0,0.27,0.23,-0.4,0.13,-0.4,8.475983019677267
2019-04-04,1.0,0.19,0.35,0.93,0.64,0.22,0.23121190117174506
2019-04-05,1.0,0.52,0.49,-0.08,-0.28,0.1,-0.38813891294110614
2019-04-08,1.0,0.08,-0.31,0.1,0.28,-0.03,-1.562791106621576
2019-04-09,1.0,-0.65,-0.6,-0.14,0.12,-0.04,-4.531559356748195
2019-04-10,1.0,0.48,0.95,-0.1,0.09,-0.12,2.155933030636258
2019-04-11,1.0,0.0,-0.27,0.41,0.04,0.11,-0.1537262245359894
2019-04-12,1.0,0.65,-0.36,0.65,0.53,-0.26,0.20590307292453924
2019-04-15,1.0,-0.09,-0.26,-0.53,0.36,0.08,-1.877147040003847
2019-04-16,1.0,0.13,0.24,0.7,-0.08,-0.13,2.185391083588283
2019-04-17,1.0,-0.32,-0.53,0.83,1.13,-0.27,-1.5853688838165858
2019-04-18,1.0,0.11,-0.28,-0.51,0.14,-0.21,0.6811623704603853
2019-04-22,1.0,0.11,-0.48,-0.56,-0.52,-0.16,1.7963583615875345
2019-04-23,1.0,0.97,0.66,-0.48,-0.11,-0.44,-0.7552128798689839
2019-04-24,1.0,-0.23,0.31,-0.07,0.61,0.03,1.7418762357788375
2019-04-25,1.0,-0.14,-0.8,-0.19,-0.64,-0.24,-2.820960164426057
2019-04-26,1.0,0.53,0.47,0.07,-0.08,-0.19,0.7853699008247605
2019-04-29,1.0,0.18,0.16,0.65,-0.38,-0.15,-0.69148720383161
2019-04-30,1.0,-0.04,-0.68,0.28,0.11,0.7,-0.22668967906741666
2019-05-01,1.0,-0.83,-0.07,-0.02,0.34,-0.06,-2.9767876211758324
2019-05-02,1.0,-0.16,0.46,-0.27,0.0,0.05,5.511333752580097
2019-05-03,1.0,1.13,0.94,-0.27,-0.01,-0.34,-0.25644291236282746
2019-05-06,1.0,-0.39,0.58,-0.42,0.01,0.06,-2.8438662527499234
2019-05-07,1.0,-1.69,-0.27,0.5,0.03,0.31,-2.7807003164376196
2019-05-08,1.0,-0.22,-0.21,-0.32,-0.01,0.19,1.6039043797332266
2019-05-09,1.0,-0.28,0.06,0.12,-0.35,0.0,0.4339639394937457
2019-05-10,1.0,0.35,-0.33,0.08,-0.1,0.26,2.7473396737781743
2019-05-13,1.0,-2.67,-0.68,0.28,0.23,0.83,-6.1606429530560245
2019-05-14,1.0,0.93,0.34,-0.02,-0.55,0.0,4.1068534036833
2019-05-15,1.0,0.58,-0.1,-0.96,0.13,-0.3,0.9426845965817922
2019-05-16,1.0,0.91,-0.45,-0.32,-0.14,-0.23,1.5501019085035685
2019-05-17,1.0,-0.73,-0.76,0.29,0.06,0.32,-1.8297790957315394
2019-05-20,1.0,-0.65,-0.11,0.72,0.06,0.42,-2.9908170720880665
2019-05-21,1.0,0.9,0.44,-0.35,-0.13,-0.19,2.502244635045862
2019-05-22,1.0,-0.4,-0.65,-0.6,-0.15,0.19,0.21037647204945953
2019-05-23,1.0,-1.37,-0.72,-0.28,0.31,0.27,-3.8397159536875467
2019-05-24,1.0,0.23,0.51,0.31,-0.49,-0.03,0.29448984011268065
2019-05-28,1.0,-0.78,0.21,-0.63,0.01,-0.26,9.862401854326622
2019-05-29,1.0,-0.71,-0.24,0.41,-0.18,0.0,-3.313644095301512
2019-05-30,1.0,0.14,-0.38,-0.76,0.26,-0.04,-0.22259724320562102
2019-05-31,1.0,-1.37,-0.23,-0.1,0.02,0.4,-2.2209187443644605
2019-06-03,1.0,-0.4,0.58,1.66,0.28,1.39,0.6112118834013559
2019-06-04,1.0,2.33,0.49,-0.03,0.29,-0.47,7.206372649104634
2019-06-05,1.0,0.7,-1.06,-0.97,0.06,-0.2,-0.24572538230181673
2019-06-06,1.0,0.55,-1.08,0.01,0.06,-0.07,7.855405745166847
2019-06-07,1.0,1.04,-0.14,-1.2,0.35,-0.65,1.8451802584739254
2019-06-10,1.0,0.53,0.01,0.08,0.39,-0.36,2.5210823779229155
2019-06-11,1.0,-0.12,-0.2,0.55,0.47,0.17,-2.476648829732827
2019-06-12,1.0,-0.2,0.29,-0.99,0.06,0.1,-0.7186561040394245
2019-06-13,1.0,0.52,0.68,-0.04,-0.12,-0.05,-2.4639437788547234
2019-06-14,1.0,-0.27,-0.74,0.32,0.25,0.14,-3.2902959519729733
2019-06-17,1.0,0.15,0.49,-1.12,-0.67,-0.42,-3.8298162848870185
2019-06-18,1.0,1.04,0.19,0.33,-0.25,-0.19,4.271821805958634
2019-06-19,1.0,0.32,0.02,-0.6,-0.21,0.17,0.15520110281705202
2019-06-20,1.0,0.89,-0.4,-0.23,-0.14,-0.12,-1.6155566266169283
2019-06-21,1.0,-0.21,-0.46,-0.03,-0.11,0.02,-3.0413220275630612
2019-06-24,1.0,-0.34,-0.9,0.08,0.64,-0.02,0.5408276471294972
2019-06-25,1.0,-0.98,0.41,0.71,-0.1,0.57,-1.3760526842150975
2019-06-26,1.0,-0.06,0.02,0.25,0.37,-0.39,3.6639017447150626
2019-06-27,1.0,0.6,1.43,-0.09,-0.34,-0.23,2.73164068426898
2019-06-28,1.0,0.68,0.77,0.61,-0.46,0.11,-1.2126399955747567
2019-07-01,1.0,0.75,-0.59,-0.13,-0.13,0.05,2.7239598313142745
2019-07-02,1.0,0.14,-0.96,-0.81,-0.02,-0.02,0.11920194615579262
2019-07-03,1.0,0.78,-0.13,-0.33,-0.35,-0.05,-0.1690487753740998
2019-07-05,1.0,-0.1,0.34,0.91,0.13,-0.05,0.9849065746532583
2019-07-08,1.0,-0.58,-0.43,0.05,0.04,-0.26,1.7052886207217157
2019-07-09,1.0,0.18,-0.24,-0.43,-0.65,-0.19,3.4554212816287158
2019-07-10,1.0,0.4,-0.25,-0.36,0.11,-0.02,1.921616471160085
2019-07-11,1.0,0.19,-0.77,0.04,-0.24,-0.56,-2.1694010726761324
2019-07-12,1.0,0.53,0.32,0.41,0.59,-0.09,0.4447135660944713
2019-07-15,1.0,-0.04,-0.47,-1.07,0.14,0.24,3.5441476594574453
2019-07-16,1.0,-0.32,0.41,0.1,0.44,-0.02,-1.5792265923560498
2019-07-17,1.0,-0.64,-0.26,-0.65,-0.49,-0.23,-0.7475524705152635
2019-07-18,1.0,0.35,-0.27,0.02,-0.36,0.35,-1.7947098255025682
2019-07-19,1.0,-0.56,0.3,0.86,0.37,0.09,-1.4938535711115106
2019-07-22,1.0,0.25,-0.55,-0.49,-0.19,0.0,1.036832575028749
2019-07-23,1.0,0.65,-0.06,0.81,0.66,0.34,1.9392594644559593
2019-07-24,1.0,0.66,0.92,0.86,-0.08,-0.09,1.8422956130527948
2019-07-25,1.0,-0.63,-0.68,-0.12,0.16,0.05,-1.2989514322281202
2019-07-26,1.0,0.82,0.33,-0.19,-0.61,-0.25,1.0305078938292724
2019-07-29,1.0,-0.32,-0.35,-0.46,0.31,0.38,-1.5963042570877182
2019-07-30,1.0,-0.17,1.42,0.89,-0.18,0.1,1.1558727448650088
2019-07-31,1.0,-1.09,0.26,0.61,0.19,0.53,-10.106426267485865
2019-08-01,1.0,-1.04,-0.76,-1.9,-0.54,-0.3,-1.9446030798198717
2019-08-02,1.0,-0.87,-0.26,0.06,0.15,0.19,-1.4135641919255189
2019-08-05,1.0,-3.07,0.05,0.0,-0.07,0.27,-4.932274241289578
2019-08-06,1.0,1.29,-0.55,-0.59,-0.27,-0.25,3.1012559712312773
2019-08-07,1.0,0.07,-0.1,-0.9,0.18,-0.18,1.1364508549098555
2019-08-08,1.0,1.97,-0.03,-0.23,0.28,-0.31,16.197171114587473
2019-08-09,1.0,-0.78,-0.5,-0.22,-0.48,-0.02,0.7889919585457609
2019-08-12,1.0,-1.32,0.21,-0.27,0.13,0.24,-5.154699304551311
2019-08-13,1.0,1.47,-0.35,-0.53,0.35,-0.04,-0.993739721902341
2019-08-14,1.0,-2.95,0.02,-0.51,-0.37,0.01,-5.830733427867172
2019-08-15,1.0,0.16,-0.69,-0.53,-0.07,-0.46,-1.8919196400081313
2019-08-16,1.0,1.55,0.64,0.61,0.14,-0.06,5.08231656555105
2019-08-19,1.0,1.14,0.03,0.22,0.37,-0.01,0.9551527714056777
2019-08-20,1.0,-0.75,0.18,-0.5,0.12,-0.18,-2.4212320201185342
2019-08-21,1.0,0.85,-0.03,-0.3,-0.03,-0.01,3.1831089566721995
2019-08-22,1.0,-0.1,-0.35,0.49,0.22,0.26,0.6239112011903872
2019-08-23,1.0,-2.66,-0.61,-0.18,-0.63,-0.24,-7.405115144904382
2019-08-26,1.0,1.08,-0.04,-0.17,0.19,-0.15,2.4980770080687233
2019-08-27,1.0,-0.46,-1.0,-0.67,0.26,0.07,-0.2712005346497167
2019-08-28,1.0,0.68,0.62,0.62,0.34,0.21,1.9135295001774038
2019-08-29,1.0,1.35,0.4,0.34,0.17,-0.18,2.1697383409599493
2019-08-30,1.0,0.03,-0.25,0.23,0.1,0.13,-0.007
2019-09-03,1.0,-0.86,-0.93,0.1,-0.2,0.45,-1.757811227557423
2019-09-04,1.0,1.08,-0.15,0.43,0.25,-0.07,0.1528160033218796
2019-09-05,1.0,1.42,0.55,0.71,0.43,-0.01,1.7680572649520978
2019-09-06,1.0,-0.02,-0.36,0.04,0.16,0.42,-2.9931286795479926
2019-09-09,1.0,0.07,1.36,3.06,0.87,0.42,-0.20533333439436074
2019-09-10,1.0,0.17,1.41,1.13,-0.03,0.59,-0.8942474025038415
2019-09-11,1.0,0.88,1.37,-0.04,-0.23,0.34,-1.5637446922644647
2019-09-12,1.0,0.22,-0.39,-0.13,-0.22,-0.18,1.503092917103214
2019-09-13,1.0,-0.01,0.18,0.74,-0.02,-0.1,1.5798827015280161
2019-09-16,1.0,-0.23,0.88,0.53,-0.32,0.05,0.4471726530212251
2019-09-17,1.0,0.17,-0.79,-1.19,-0.19,-0.35,0.5099745306780846
2019-09-18,1.0,-0.05,-0.78,0.06,-0.12,0.04,-1.848302029796863
2019-09-19,1.0,-0.05,-0.48,-0.46,0.04,-0.2,-0.4363476674574672
2019-09-20,1.0,-0.48,0.3,0.15,-0.59,0.08,-0.8013462238780155
2019-09-23,1.0,-0.02,-0.11,0.51,0.27,0.27,1.9543949003907026
2019-09-24,1.0,-1.01,-0.75,0.0,0.17,0.45,-3.664349067216862
2019-09-25,1.0,0.69,0.42,0.53,0.42,0.0,0.05875222714610063
2019-09-26,1.0,-0.41,-0.98,0.11,0.36,0.29,-0.2459722410403008
2019-09-27,1.0,-0.62,-0.17,0.88,0.24,0.56,-2.553961036562132
2019-09-30,1.0,0.5,-0.26,-0.48,0.62,-0.02,0.9311130369739441
2019-10-01,1.0,-1.31,-0.65,-0.59,0.1,-0.19,-0.8003754537848281
2019-10-02,1.0,-1.73,0.77,-0.36,-0.47,-0.26,-1.5716757974902447
2019-10-03,1.0,0.8,-0.38,-0.89,-0.19,-0.18,1.2999616609442837
2019-10-04,1.0,1.39,-0.51,-0.07,-0.02,0.04,1.1436273368013132
2019-10-07,1.0,-0.41,0.13,-0.02,-0.06,-0.26,-0.28276671173690227
2019-10-08,1.0,-1.61,-0.15,-0.12,0.43,0.02,-2.4266362100079806
2019-10-09,1.0,0.92,-0.58,-0.09,0.13,-0.17,0.8077344880123475
2019-10-10,1.0,0.59,-0.26,0.26,0.12,-0.09,-0.28809601644260574
2019-10-11,1.0,1.23,0.6,0.19,0.49,0.3,4.820346299316782
2019-10-14,1.0,-0.18,-0.35,-0.04,-0.17,-0.08,2.6148510475479294
2019-10-15,1.0,1.03,0.25,-0.25,-0.22,-0.68,0.6153341710964725
2019-10-16,1.0,-0.24,0.48,0.23,0.38,0.26,0.2859692532537498
2019-10-17,1.0,0.37,0.79,-0.28,0.11,-0.04,1.0640805888550557
2019-10-18,1.0,-0.49,-0.14,0.86,-0.08,0.38,-0.5529218998907778
2019-10-21,1.0,0.71,0.3,0.35,0.02,0.02,3.415665448640494
2019-10-22,1.0,-0.34,0.49,0.85,0.42,0.32,-1.6304735255473919
2019-10-23,1.0,0.25,-0.11,0.26,-0.01,0.08,-0.4830381384979695
2019-10-24,1.0,0.25,-0.5,-0.89,-0.06,-0.66,1.140955025498626
2019-10-25,1.0,0.51,0.39,0.08,0.34,-0.04,3.1140586145925977
2019-10-28,1.0,0.62,0.28,-0.24,0.01,-0.04,2.989024364615568
2019-10-29,1.0,-0.13,0.4,0.51,-0.06,0.1,-1.9660379172318205
2019-10-30,1.0,0.27,-0.64,-1.16,-0.47,-0.02,0.2957620118503993
2019-10-31,1.0,-0.38,-0.34,-0.44,-0.27,0.19,2.4077274713808507
2019-11-01,1.0,1.08,0.65,0.83,-0.17,0.13,2.8233518297617395
2019-11-04,1.0,0.4,0.32,1.35,0.62,0.12,4.00661550693599
2019-11-05,1.0,-0.03,0.38,0.45,0.0,-0.02,-0.3917795153389909
2019-11-06,1.0,-0.05,-0.8,0.23,-0.17,0.31,-0.6145787314438429
2019-11-07,1.0,0.38,-0.01,0.51,0.09,-0.21,0.9681120822386318
2019-11-08,1.0,0.31,-0.01,-0.36,-0.13,0.06,0.02156928491458588
2019-11-11,1.0,-0.19,-0.07,-0.19,-0.07,-0.08,0.04911286100605695
2019-11-12,1.0,0.16,-0.19,-0.15,-0.17,-0.22,1.0956185515098087
2019-11-13,1.0,0.01,-0.41,-0.82,-0.28,-0.03,2.2004870430182684
2019-11-14,1.0,0.07,-0.15,-0.25,0.13,-0.35,2.2061482042404275
2019-11-15,1.0,0.74,-0.29,-0.34,-0.01,0.05,0.5415955867681126
2019-11-18,1.0,0.02,-0.36,-0.51,-0.03,-0.32,3.4172356011753897
2019-11-19,1.0,0.02,0.35,-0.94,-0.86,-0.22,3.529606343148845
2019-11-20,1.0,-0.33,-0.14,-0.45,-0.55,-0.29,-0.7567904248421515
2019-11-21,1.0,-0.14,-0.31,0.1,0.08,-0.1,-3.568711324503309
2019-11-22,1.0,0.24,0.16,0.22,0.18,0.05,-0.9422321042485688
2019-11-25,1.0,0.92,1.27,-0.38,0.11,0.02,1.6287365637403355
2019-11-26,1.0,0.19,-0.09,-0.9,0.2,-0.25,-2.0165534522578015
2019-11-27,1.0,0.44,0.22,-0.03,0.03,-0.02,1.0711945392791915
2019-11-29,1.0,-0.42,-0.11,-0.31,-0.47,0.0,-0.6657267763000958
2019-12-02,1.0,-0.87,-0.13,0.48,0.09,0.2,-1.079801959828662
2019-12-03,1.0,-0.66,0.42,-0.83,-0.51,-0.55,0.4319413520575536
2019-12-04,1.0,0.6,0.21,0.24,0.16,0.09,2.023840796508748
2019-12-05,1.0,0.13,-0.14,0.46,0.26,0.35,-0.1833660802374334
2019-12-06,1.0,0.91,0.38,0.37,0.34,0.22,0.018245170368792814
2019-12-09,1.0,-0.33,0.31,0.11,-0.13,-0.22,-1.7733405098988115
2019-12-10,1.0,-0.08,0.28,-0.09,-0.2,0.04,1.3030393463531424
2019-12-11,1.0,0.28,-0.09,0.13,0.32,0.16,0.06907148843515876
2019-12-12,1.0,0.9,0.12,1.14,0.12,0.2,7.897734824908588
2019-12-13,1.0,-0.03,-0.45,-0.54,-0.27,-0.23,-3.388072133246954
2019-12-16,1.0,0.74,-0.04,-0.04,-0.4,0.2,2.9091528645084366
2019-12-17,1.0,0.1,0.48,0.67,0.11,-0.03,0.9847402568484945
2019-12-18,1.0,-0.05,0.3,0.09,0.28,0.0,-1.1059039412502731
2019-12-19,1.0,0.43,-0.14,-0.42,-0.25,-0.03,1.245961237715078
2019-12-20,1.0,0.48,-0.27,-0.3,0.0,-0.07,3.0749510585851305
2019-12-23,1.0,0.1,0.16,-0.35,-0.13,0.34,2.960151785546118
2019-12-24,1.0,0.01,0.37,0.0,-0.28,0.04,2.368718989892306
2019-12-26,1.0,0.48,-0.56,0.0,0.25,-0.18,0.18638236101724692
2019-12-27,1.0,-0.1,-0.55,-0.07,0.25,0.1,-0.9720455771641697
2019-12-30,1.0,-0.57,0.28,0.56,0.11,0.38,-1.4361897857309887
2019-12-31,1.0,0.28,0.01,0.12,-0.12,0.25,0.7399247565218273
2020-01-02,1.0,0.86,-0.97,-0.34,0.24,-0.22,7.0589756228703395
2020-01-03,1.0,-0.67,0.3,0.0,-0.14,-0.1,-1.0243299705468052
2020-01-06,1.0,0.36,-0.2,-0.55,-0.17,-0.26,-0.4380968951973869
2020-01-07,1.0,-0.19,-0.03,-0.25,-0.12,-0.25,-0.29531471670650133
2020-01-08,1.0,0.47,-0.17,-0.64,-0.19,-0.17,-0.8764625263115329
2020-01-09,1.0,0.65,-0.71,-0.48,-0.14,0.04,2.3774399874688386
2020-01-10,1.0,-0.34,-0.27,-0.33,0.04,-0.08,-1.6396594482656341
2020-01-13,1.0,0.73,-0.1,-0.08,0.34,0.27,1.198072769570108
2020-01-14,1.0,-0.06,0.47,-0.18,-0.33,-0.05,-1.1136941856971168
2020-01-15,1.0,0.16,0.27,-0.81,-0.08,-0.18,0.6992482037847474
2020-01-16,1.0,0.88,0.52,-0.11,0.03,-0.1,2.506875880277754
2020-01-17,1.0,0.28,-0.63,-0.13,0.23,0.0,2.324720990040014
2020-01-21,1.0,-0.32,-0.67,-0.62,-0.11,-0.25,0.22961541560126464
2020-01-22,1.0,0.08,-0.24,0.01,-0.27,0.01,0.738370369822378
2020-01-23,1.0,0.08,-0.07,-0.14,0.29,-0.07,0.5384269446537309
2020-01-24,1.0,-0.97,-0.5,-0.28,0.17,-0.03,-2.6360534411727303
2020-01-27,1.0,-1.56,0.26,-0.41,-0.53,0.02,-2.1708464461188175
2020-01-28,1.0,1.02,-0.13,-0.42,0.17,-0.06,2.572157736575704
2020-01-29,1.0,-0.1,-0.43,-0.98,0.26,0.09,-5.982648586425504
2020-01-30,1.0,0.34,-0.64,0.69,-0.45,-0.25,2.667122506064285
2020-01-31,1.0,-1.74,-0.5,-0.35,-0.44,-0.66,-3.6550340792143303
2020-02-03,1.0,0.84,0.36,-0.68,-0.68,-0.42,2.1642137399226997
2020-02-04,1.0,1.57,-0.14,-0.68,0.38,-0.17,2.9719264713534206
2020-02-05,1.0,0.97,0.75,1.47,0.95,0.66,0.7826741832787258
2020-02-06,1.0,0.27,-0.59,-0.84,-0.03,-0.39,-1.0493395990603223
2020-02-07,1.0,-0.55,-0.84,-0.03,-0.22,-0.57,0.8253054540735054
2020-02-10,1.0,0.73,-0.17,-0.88,-0.12,-0.51,5.081469942862377
2020-02-11,1.0,0.28,0.34,1.05,0.24,0.33,2.9408062858563073
2020-02-12,1.0,0.66,0.15,-0.35,0.21,0.06,0.16128653134607807
2020-02-13,1.0,-0.09,0.16,0.0,-0.11,-0.39,1.1816032601540132
2020-02-14,1.0,0.15,-0.56,-0.66,-0.23,-0.3,1.424410070521182
2020-02-18,1.0,-0.19,-0.01,-0.65,-0.41,-0.67,2.850622630858219
2020-02-19,1.0,0.6,0.19,0.03,0.18,-0.24,3.5271379113992425
2020-02-20,1.0,-0.35,0.63,0.67,0.16,-0.05,-2.7734041186553475
2020-02-21,1.0,-1.12,-0.07,0.02,-0.23,0.38,-6.97300130360467
2020-02-24,1.0,-3.39,0.15,0.02,-0.35,0.22,-7.813807700304547
2020-02-25,1.0,-3.09,-0.35,-0.68,-0.62,-0.05,-3.161535974685075
2020-02-26,1.0,-0.52,-0.74,-1.2,-0.47,-0.18,-0.1741690495493604
2020-02-27,1.0,-4.22,0.71,0.05,-0.41,0.0,-7.333865306249337
2020-02-28,1.0,-0.78,0.09,-0.8,0.25,-0.5,3.334152866999513
2020-03-02,1.0,4.31,-1.91,-0.44,-0.52,0.42,4.347561042579912
2020-03-03,1.0,-2.79,0.68,-0.63,-0.44,0.33,-1.5019947285480335
2020-03-04,1.0,4.03,-1.23,-1.17,0.07,0.28,7.181167080965917
2020-03-05,1.0,-3.38,-0.14,-1.4,-0.88,0.05,-3.9972192688875134
2020-03-06,1.0,-1.78,-0.21,-1.49,0.69,0.34,0.9917126089103505
2020-03-09,1.0,-7.78,-1.33,-4.75,0.08,0.46,-10.954754225391532
2020-03-10,1.0,4.74,-2.39,0.81,0.52,0.06,4.870359112616968
2020-03-11,1.0,-5.05,-1.04,-0.8,0.03,0.09,0.6991557675018527
2020-03-12,1.0,-9.63,-1.08,-1.17,-0.34,-0.15,-14.644954769627766
2020-03-13,1.0,8.96,-2.03,3.03,1.19,0.36,12.529256125982608
2020-03-16,1.0,-12.0,-0.83,-0.76,0.48,1.38,-11.828328612783217
2020-03-17,1.0,5.88,0.46,-0.62,-0.55,-0.21,8.183103742226965
2020-03-18,1.0,-5.56,-4.55,-4.69,0.11,0.05,-6.596262812413728
2020-03-19,1.0,1.31,5.7,0.83,-1.35,-1.68,1.7833680522800714
2020-03-20,1.0,-4.15,0.22,-0.88,-0.97,-1.12,-0.5333708841839864
2020-03-23,1.0,-2.55,1.72,-3.27,0.3,-1.06,5.118965281536409
2020-03-24,1.0,9.34,-0.28,2.38,0.46,0.17,10.993043943774067
2020-03-25,1.0,1.18,-0.19,1.92,-0.06,0.24,-3.4460694733770163
2020-03-26,1.0,6.02,-0.51,1.07,-0.61,-0.02,6.424649480613981
2020-03-27,1.0,-3.48,-1.1,-0.76,-1.11,0.77,-1.942838250411188
2020-03-30,1.0,3.16,-0.77,-2.09,-0.27,-0.13,2.7419577693865667
2020-03-31,1.0,-1.44,1.52,-0.39,0.41,-0.05,-4.978839610872193
2020-04-01,1.0,-4.51,-1.99,-1.4,0.22,0.22,-4.001758384219034
2020-04-02,1.0,2.1,-0.98,-0.28,-0.26,0.81,1.9010577965081765
2020-04-03,1.0,-1.64,-1.38,-1.18,-0.22,0.37,-4.270625880417778
2020-04-06,1.0,7.06,1.18,0.32,1.28,-0.8,11.57548787864049
2020-04-07,1.0,-0.11,0.11,2.08,0.9,-0.34,0.0841770099789807
2020-04-08,1.0,3.4,0.85,1.28,0.45,-0.09,2.5862058593780324
2020-04-09,1.0,1.59,2.43,3.16,-0.87,-0.07,-0.8403358059409838
2020-04-13,1.0,-0.92,-1.45,-2.4,-0.49,0.04,5.291437581800529
2020-04-14,1.0,3.02,-0.72,-3.15,0.25,-0.33,7.832747911333371
2020-04-15,1.0,-2.15,-1.95,-2.55,-0.4,-0.21,0.10923242846834214
2020-04-16,1.0,0.62,-0.81,-2.98,-0.29,-0.3,3.5642826416573126
2020-04-17,1.0,2.72,1.51,2.77,-0.15,-0.02,-0.6145781986470533
2020-04-20,1.0,-1.56,0.38,-0.91,-1.75,-0.38,0.6537151175917577
2020-04-21,1.0,-3.08,0.93,0.16,0.26,0.41,-7.1090099437913
2020-04-22,1.0,2.31,-0.87,-1.64,0.11,0.04,5.6689344365103755
2020-04-23,1.0,0.13,1.25,0.54,0.52,-0.24,-0.03575937718379718
2020-04-24,1.0,1.44,0.24,-0.13,-0.18,0.15,0.5008922569836649
2020-04-27,1.0,1.73,2.15,2.71,-0.13,0.14,0.5518002342596251
2020-04-28,1.0,-0.45,1.72,2.85,1.34,0.73,-1.734826213161822
2020-04-29,1.0,2.92,2.31,2.0,1.23,-0.87,-3.332730192865907
2020-04-30,1.0,-1.18,-2.05,-1.7,0.65,-0.04,-2.36675449380368
2020-05-01,1.0,-2.91,-0.9,-0.97,-0.36,0.35,-4.790987499093468
2020-05-04,1.0,0.54,-0.12,-1.27,-0.76,-0.45,5.372895444641279
2020-05-05,1.0,0.95,-0.29,-2.02,-0.48,-0.51,-0.7039625892590884
2020-05-06,1.0,-0.52,0.1,-2.7,0.22,-0.57,-0.05747993885081293
2020-05-07,1.0,1.33,0.15,0.4,-0.1,-0.61,-0.4026056079121654
2020-05-08,1.0,1.9,1.9,2.46,0.84,0.42,2.3869063437129467
2020-05-11,1.0,0.07,-0.22,-3.78,-0.84,-0.04,4.794140097001898
2020-05-12,1.0,-2.06,-1.12,-1.35,-0.64,-0.02,-3.552212589362913
2020-05-13,1.0,-1.89,-1.43,-2.08,-0.08,-0.27,-2.9389844971862034
2020-05-14,1.0,1.14,-1.08,0.93,0.61,0.16,4.46530855256877
2020-05-15,1.0,0.57,1.34,-1.15,0.01,-0.77,-0.5686985289656277
2020-05-18,1.0,3.24,2.65,4.6,1.67,0.32,0.719556059333315
2020-05-19,1.0,-1.01,-0.75,-1.5,0.52,-0.59,1.6120188050109618
2020-05-20,1.0,1.8,1.21,1.32,-0.25,-0.26,1.6585508359461487
2020-05-21,1.0,-0.7,0.75,0.4,0.15,0.03,-3.0856497297443553
2020-05-22,1.0,0.27,0.26,-0.85,-0.55,-0.34,0.9515034374155906
2020-05-26,1.0,1.23,1.23,4.55,1.04,0.58,-3.5889063040622893
2020-05-27,1.0,1.54,1.43,3.62,0.77,0.36,-0.8460179730409356
2020-05-28,1.0,-0.41,-2.07,-2.43,-0.25,0.09,-1.8960939859209214
2020-05-29,1.0,0.6,-0.79,-1.98,-0.32,-0.38,3.9814408422237824
2020-06-01,1.0,0.52,0.26,0.43,-0.01,-0.14,-0.31598173114509853
2020-06-02,1.0,0.81,0.06,0.54,0.14,0.26,-0.16781680178149516
2020-06-03,1.0,1.42,0.77,2.62,0.74,0.17,-1.512890099813402
2020-06-04,1.0,-0.34,0.51,2.89,0.99,0.63,-0.18964247105861531
2020-06-05,1.0,2.5,1.07,2.76,0.72,0.04,0.8930218439432869
2020-06-08,1.0,1.39,0.68,2.09,-0.48,0.56,-0.24481592684286735
2020-06-09,1.0,-0.85,-0.78,-1.92,-0.04,-0.46,6.456481197150921
2020-06-10,1.0,-0.56,-1.8,-4.1,-0.32,-0.51,1.8620309424108639
2020-06-11,1.0,-5.91,-1.47,-3.03,-0.21,-0.22,-8.025760629998857
2020-06-12,1.0,1.29,0.79,1.82,0.14,0.1,1.2682153051743361
2020-06-15,1.0,1.09,1.44,-0.39,-0.77,-0.23,2.205608047057539
2020-06-16,1.0,1.87,0.61,0.5,0.64,0.12,-0.40234312266874683
2020-06-17,1.0,-0.4,-1.32,-1.98,-0.55,-0.24,0.16525918858039113
2020-06-18,1.0,0.19,0.02,-0.53,-0.4,-0.26,-0.934919025968961
2020-06-19,1.0,-0.45,-0.13,-0.65,-0.73,-0.19,0.3515888665619693
2020-06-22,1.0,0.71,0.47,-1.36,-0.38,-0.51,0.9773165844932263
2020-06-23,1.0,0.42,0.22,-0.6,0.58,-0.09,-1.4061297784291993
2020-06-24,1.0,-2.61,-0.7,-1.36,-0.07,0.27,-2.963515908643688
2020-06-25,1.0,1.12,0.33,0.5,-0.8,0.16,-0.878028421133259
2020-06-26,1.0,-2.44,-0.2,-1.41,0.01,0.63,-3.523978086463242
2020-06-29,1.0,1.51,1.48,1.85,1.48,0.36,0.3592820572015709
2020-06-30,1.0,1.58,0.0,0.01,-0.4,-0.31,4.634053078008593
2020-07-01,1.0,0.41,-1.71,-2.58,-0.42,-1.22,-0.058021058636852474
2020-07-02,1.0,0.5,0.01,-0.13,0.41,0.15,-0.45745049469178467
2020-07-06,1.0,1.65,-0.67,0.34,0.26,0.02,2.0242223351180155
2020-07-07,1.0,-1.03,-0.97,-1.5,-1.12,-0.07,-0.8811520735450707
2020-07-08,1.0,0.91,0.07,-0.47,-0.43,-0.27,0.9436438638148091
2020-07-09,1.0,-0.53,-1.57,-2.61,-0.33,-0.54,7.1672537796774245
2020-07-10,1.0,1.11,0.67,3.07,0.87,0.18,-2.411054652235305
2020-07-13,1.0,-1.2,-0.29,2.04,1.09,1.1,-4.099068847092429
2020-07-14,1.0,1.35,0.38,-0.29,-0.03,0.51,2.107604338305198
2020-07-15,1.0,1.14,2.71,1.25,0.19,0.08,1.1320389584315094
2020-07-16,1.0,-0.37,-0.16,0.81,0.27,0.33,-0.7599482878288978
2020-07-17,1.0,0.3,-0.16,-1.44,-1.1,0.03,0.21750464417876303
2020-07-20,1.0,1.01,-1.11,-2.37,-0.85,-1.2,4.395798925674816
2020-07-21,1.0,0.15,1.46,3.27,0.54,0.87,-0.8015553285798106
2020-07-22,1.0,0.49,-0.64,-0.38,0.49,0.01,8.402510378118151
2020-07-23,1.0,-1.2,1.22,1.97,-0.18,0.1,-3.59381629359105
2020-07-24,1.0,-0.75,-0.81,0.44,0.28,0.03,16.50059792078827
2020-07-27,1.0,0.88,0.28,-1.99,-0.24,0.1,-0.6205969678983837
2020-07-28,1.0,-0.81,-0.45,1.0,0.29,0.06,-1.9728726783831352
2020-07-29,1.0,1.35,0.62,0.89,0.23,0.15,12.541516862868825
2020-07-30,1.0,-0.29,0.01,-1.84,-0.53,-0.13,2.7720328714720144
2020-07-31,1.0,0.61,-1.84,-0.67,0.79,0.71,-0.985650477129867
2020-08-03,1.0,0.98,1.09,-0.84,-0.26,0.4,0.30995462072016533
2020-08-04,1.0,0.37,0.44,0.04,0.1,0.1,9.488866898839166
2020-08-05,1.0,0.78,1.23,0.83,0.17,-0.11,0.3174936972714759
2020-08-06,1.0,0.53,-0.58,-0.85,0.61,0.07,1.6410755666911525
2020-08-07,1.0,0.02,1.58,2.41,0.54,0.13,-2.1450820320497943
2020-08-10,1.0,0.24,1.33,1.73,0.83,1.28,-3.0760172743522274
2020-08-11,1.0,-0.83,0.19,1.64,0.92,0.03,-6.517510639081481
2020-08-12,1.0,1.4,-0.85,-1.34,0.92,-0.16,7.4531784100432485
2020-08-13,1.0,-0.01,-0.14,-1.33,-0.64,-0.5,-0.9320957108968408
2020-08-14,1.0,-0.04,0.06,1.08,0.44,0.2,-0.6598158727956882
2020-08-17,1.0,0.45,0.04,-1.92,-0.81,-0.47,1.377607718507079
2020-08-18,1.0,0.22,-1.33,-1.43,0.02,-0.54,-0.9220996405242543
2020-08-19,1.0,-0.38,0.48,0.09,-0.03,-0.11,-0.6980251024446549
2020-08-20,1.0,0.31,-0.96,-1.55,0.08,-0.45,2.071772574973929
2020-08-21,1.0,0.26,-1.25,-0.43,0.6,0.72,1.2564950558258348
2020-08-24,1.0,0.92,0.2,2.59,1.14,0.58,-0.8710127058871531
2020-08-25,1.0,0.36,-0.01,-0.64,-0.47,-0.69,3.9359612072662475
2020-08-26,1.0,1.0,-1.72,-1.74,-0.13,-0.85,-0.3821677323521788
2020-08-27,1.0,0.18,-0.01,0.95,0.59,-0.53,-2.580787814396568
2020-08-28,1.0,0.7,0.37,-0.23,0.13,-0.08,2.08830541320999
2020-08-31,1.0,-0.04,-0.93,-1.76,-0.71,-0.11,6.160136125159532
2020-09-01,1.0,0.92,0.19,-0.3,0.61,0.14,1.4974681952449664
2020-09-02,1.0,1.27,-0.26,-0.45,0.76,-0.41,-2.12627367973941
2020-09-03,1.0,-3.7,0.44,2.61,-0.09,-0.14,-8.51252516211829
2020-09-04,1.0,-0.87,0.35,2.06,0.8,0.87,-0.642111428904979
2020-09-08,1.0,-2.91,0.91,-0.29,-0.71,-0.61,-4.048286316721727
2020-09-09,1.0,2.07,-0.61,-2.0,-0.17,-0.2,4.092008032533467
2020-09-10,1.0,-1.64,0.38,-0.06,-0.39,-0.37,-3.5770970262221646
2020-09-11,1.0,-0.06,-0.62,0.89,0.23,0.47,-3.3426271294418775
2020-09-14,1.0,1.59,1.03,-0.8,-0.82,0.0,2.043496545485146
2020-09-15,1.0,0.57,-0.63,-1.44,0.12,-0.35,1.3222063660097705
2020-09-16,1.0,-0.39,1.22,1.31,-0.94,0.27,-2.8759617816922156
2020-09-17,1.0,-0.85,0.47,0.2,0.07,0.64,-0.14349152765033013
2020-09-18,1.0,-0.88,0.78,-0.21,-1.12,-0.47,-2.1162673834078105
2020-09-21,1.0,-1.08,-2.69,-1.89,-0.49,-0.28,4.017085445043778
2020-09-22,1.0,1.02,-0.47,-1.63,0.58,-0.5,-0.3079362145831266
2020-09-23,1.0,-2.48,-0.66,0.16,0.2,-0.18,-3.8223857245283765
2020-09-24,1.0,0.25,-0.19,0.38,0.52,0.11,1.4585792706103051
2020-09-25,1.0,1.72,-0.16,-1.35,-0.51,-0.63,2.9543627971320596
2020-09-28,1.0,1.66,0.88,1.05,0.4,0.18,1.8191209873840375
2020-09-29,1.0,-0.42,0.41,-1.34,-0.79,-0.58,2.8812194129494095
2020-09-30,1.0,0.79,-0.69,0.15,0.34,0.12,0.26904883176581684
2020-10-01,1.0,0.79,0.79,-0.54,-0.02,-0.58,3.5004303224287048
2020-10-02,1.0,-0.96,1.69,2.45,0.57,0.34,-3.605936291049805
2020-10-05,1.0,1.93,0.88,-0.1,-0.48,0.12,5.317846346984467
2020-10-06,1.0,-1.28,0.84,0.26,-0.51,-0.05,-1.9384772366413228
2020-10-07,1.0,1.84,0.49,0.22,-0.28,0.13,2.616002600207379
2020-10-08,1.0,0.8,0.28,0.99,0.22,0.25,-0.20763675176667107
2020-10-09,1.0,0.93,-0.33,-1.41,-0.18,-0.3,-3.9417449750371314
2020-10-12,1.0,1.53,-1.01,-0.08,0.79,0.34,1.4320125911637005
2020-10-13,1.0,-0.41,-0.18,-1.73,-0.88,-0.98,1.174514002866922
2020-10-14,1.0,-0.65,0.0,0.02,0.36,0.67,-1.2546900916278858
2020-10-15,1.0,-0.08,1.17,1.15,0.17,0.19,-1.2825102040095238
2020-10-16,1.0,-0.06,-0.13,0.06,-0.04,-0.12,0.04811850938164497
2020-10-19,1.0,-1.53,0.35,0.31,-0.35,-0.24,-1.4067550735887502
2020-10-20,1.0,0.34,-0.09,1.26,0.55,0.17,-0.5365883431783569
2020-10-21,1.0,-0.36,-0.47,0.41,0.53,-0.01,-2.893576116963603
2020-10-22,1.0,0.67,0.95,1.03,-0.58,-0.08,0.27777932977308684
2020-10-23,1.0,0.38,0.37,0.03,-0.14,-0.35,3.198188081198583
2020-10-26,1.0,-1.85,-0.48,-0.39,-0.14,-0.02,0.32943420629210074
2020-10-27,1.0,-0.23,-0.63,-2.33,-0.41,-0.73,-4.073946207899737
2020-10-28,1.0,-3.41,0.18,0.58,-0.46,0.0,-3.1440109202483524
2020-10-29,1.0,1.13,0.16,0.27,0.32,0.6,2.120412414702333
2020-10-30,1.0,-1.45,-0.24,1.87,0.25,-0.09,-3.4990974685996434
2020-11-02,1.0,1.17,0.87,0.98,0.42,0.4,-0.7836418649365129
2020-11-03,1.0,1.93,1.01,-0.19,-0.18,0.02,2.516740240451565
2020-11-04,1.0,2.25,-2.56,-5.02,-0.72,-1.71,6.228775827910837
2020-11-05,1.0,2.13,1.04,0.52,0.36,0.55,2.028274808639119
2020-11-06,1.0,0.01,-1.09,-0.93,-0.23,-0.11,3.469876208937306
2020-11-09,1.0,0.86,2.82,6.73,0.8,0.83,-3.2137803855438407
2020-11-10,1.0,-0.17,2.09,2.17,0.32,1.27,-6.171805477982195
2020-11-11,1.0,0.88,-1.09,-1.75,-0.64,-0.18,4.218490839394828
2020-11-12,1.0,-0.94,-0.56,-1.19,-0.67,-0.23,0.6889733846014545
2020-11-13,1.0,1.31,0.93,1.14,0.59,0.43,-0.5009726919122826
2020-11-16,1.0,1.22,1.25,1.99,0.71,0.87,2.8245155877908434
2020-11-17,1.0,-0.19,0.6,-0.01,-0.42,-0.42,-0.4418998348832526
2020-11-18,1.0,-0.93,-0.06,0.01,0.07,-0.39,-0.9836848474331639
2020-11-19,1.0,0.59,0.28,-0.76,-0.66,-0.2,3.6346013650644826
2020-11-20,1.0,-0.51,0.6,-0.6,-0.74,-0.11,-1.0521411225698718
2020-11-23,1.0,0.83,1.4,1.56,0.35,0.05,0.7915857440651708
2020-11-24,1.0,1.56,0.51,2.77,0.53,0.51,-0.28132442930230983
2020-11-25,1.0,0.03,-0.27,-1.33,-0.39,-0.54,1.9278234342678724
2020-11-27,1.0,0.43,0.15,-1.63,-0.77,-0.31,0.5535732464556631
2020-11-30,1.0,-0.53,-1.55,-2.07,-0.5,0.48,6.2736564600730516
2020-12-01,1.0,0.98,-0.08,0.53,1.07,0.49,-0.03238334503075091
2020-12-02,1.0,0.11,0.21,1.08,0.38,0.59,1.198316574829228
2020-12-03,1.0,0.18,0.55,-0.09,-0.29,0.19,-1.5254964132322413
2020-12-04,1.0,1.02,1.59,0.83,-0.31,0.59,1.87412349982512
2020-12-07,1.0,0.03,-0.06,-1.02,-0.56,-0.49,0.03190002020929672
2020-12-08,1.0,0.47,0.89,-0.7,-0.71,0.0,-1.2224955135640148
2020-12-09,1.0,-1.03,0.31,1.28,0.86,0.29,-3.325437364164019
2020-12-10,1.0,0.24,0.93,-0.47,-1.53,-0.27,2.0371833393662886
2020-12-11,1.0,-0.2,-0.58,-0.71,-0.57,-0.55,-0.01091221452198532
2020-12-14,1.0,-0.28,0.22,-1.53,-0.4,-0.8,3.415163340214633
2020-12-15,1.0,1.28,1.15,0.36,0.44,0.55,2.4688795077261405
2020-12-16,1.0,0.17,-0.58,-0.37,0.03,-0.2,-0.2780109810802456
2020-12-17,1.0,0.79,0.5,-0.7,-0.6,-0.21,-0.010327451097624785
2020-12-18,1.0,-0.12,-0.19,-1.17,-0.4,-0.75,-0.9500187977447783
2020-12-21,1.0,-0.23,0.23,-0.05,-1.02,0.31,-2.8044149951648167
2020-12-22,1.0,0.06,0.84,-1.61,-0.84,-0.07,-0.07508279770861437
2020-12-23,1.0,0.1,0.87,2.03,0.29,0.41,-1.7282101192170662
2020-12-24,1.0,0.21,-0.44,-0.19,0.25,-0.07,0.2839918057555346
2020-12-28,1.0,0.46,-0.68,0.36,1.39,0.46,-0.2287322623428123
2020-12-29,1.0,-0.4,-1.42,0.24,0.78,-0.29,-1.0698643491963922
2020-12-30,1.0,0.27,1.06,0.03,-0.65,-0.05,1.8428582193000365
2020-12-31,1.0,0.39,-0.71,0.41,0.57,-0.24,-0.6284557647643352
2021-01-04,1.0,-1.41,0.16,0.58,-0.64,0.1,0.6433365752644971
2021-01-05,1.0,0.86,1.32,0.49,0.36,0.55,0.5092021405947778
2021-01-06,1.0,0.79,3.15,3.94,0.06,0.53,-2.630155115128041
2021-01-07,1.0,1.76,0.02,-0.83,-1.5,-0.2,5.347062695834204
2021-01-08,1.0,0.51,-1.01,-1.37,-0.43,-0.37,-0.6095016905570239
2021-01-11,1.0,-0.51,0.54,1.26,-0.17,0.45,2.8230049875814567
2021-01-12,1.0,0.38,1.48,1.21,-0.45,0.42,-1.943444102466263
2021-01-13,1.0,0.07,-1.03,-0.46,-0.21,-0.05,-3.754196526993381
2021-01-14,1.0,-0.11,2.37,1.12,-1.01,0.43,-1.0786640629078414
2021-01-15,1.0,-0.86,-0.74,-0.76,0.28,-0.47,-2.8417246448264377
2021-01-19,1.0,0.92,0.75,-0.8,-0.7,0.09,1.4057339039104555
2021-01-20,1.0,1.26,-0.75,-1.08,0.62,-0.38,-0.7825567044426163
2021-01-21,1.0,-0.04,-0.77,-0.94,0.84,0.38,3.132392990757049
2021-01-22,1.0,-0.07,1.64,-0.12,-0.67,0.62,1.3766001890469504
2021-01-25,1.0,0.29,-0.28,-0.4,0.23,0.98,1.444117172830417
2021-01-26,1.0,-0.32,-0.02,0.01,1.01,1.05,0.6161710910212781
2021-01-27,1.0,-2.53,1.19,1.56,0.59,2.46,-6.197870133381089
2021-01-28,1.0,0.92,-1.69,-0.91,-1.06,-2.26,-1.4858169171954705
2021-01-29,1.0,-1.84,0.41,0.58,-0.75,0.38,-2.1480773829153366
2021-02-01,1.0,1.73,0.74,-1.47,-0.23,-1.22,2.3587158884369464
2021-02-02,1.0,1.48,-0.79,-1.08,-1.02,-2.14,1.3689218550202664
2021-02-03,1.0,0.15,0.68,0.7,-0.11,0.17,-1.0916061377903352
2021-02-04,1.0,1.23,0.6,0.37,-0.09,-0.22,-0.05689276607697691
2021-02-05,1.0,0.58,0.94,-0.48,-0.73,0.41,0.06831191995666508
2021-02-08,1.0,0.96,2.25,0.39,-0.95,0.73,4.061433029410311
2021-02-09,1.0,0.05,0.7,-0.17,-0.73,-0.49,-0.6122199093914538
2021-02-10,1.0,-0.08,-0.45,0.61,0.21,-0.02,1.5839783896212767
2021-02-11,1.0,0.19,-0.35,-0.43,-0.3,-0.08,0.33568510353050307
2021-02-12,1.0,0.49,-0.13,0.49,-0.37,-0.05,1.197920286086629
2021-02-16,1.0,-0.14,-0.24,1.89,0.15,-0.01,-2.4634719433623387
2021-02-17,1.0,-0.21,-0.68,0.61,0.29,-0.14,-1.66192505825693
2021-02-18,1.0,-0.63,-1.48,-0.2,0.91,-0.44,-1.4454114036796195
2021-02-19,1.0,0.16,2.04,0.72,-0.45,0.55,1.0604720756756114
2021-02-22,1.0,-1.13,0.72,3.16,1.7,0.86,-4.699708638555955
2021-02-23,1.0,-0.15,-1.03,0.89,1.17,-0.2,-0.7379698518724997
2021-02-24,1.0,1.15,1.5,1.42,-0.31,0.33,2.596182007431147
2021-02-25,1.0,-2.74,-0.92,0.92,0.99,0.42,-5.198992575951699
2021-02-26,1.0,-0.28,0.34,-1.58,-0.04,-0.37,2.535797153260111
2021-03-01,1.0,2.63,1.11,0.23,-0.41,0.23,2.224585499817411
2021-03-02,1.0,-1.05,-0.77,1.23,0.62,0.2,-2.616046014813689
2021-03-03,1.0,-1.57,0.64,3.56,1.67,1.05,-3.886837929182929
2021-03-04,1.0,-1.7,-1.11,1.71,1.29,0.44,-3.8461545719471912
2021-03-05,1.0,1.85,0.36,0.61,0.97,0.51,0.9903493801497243
2021-03-08,1.0,-0.67,1.47,3.71,1.64,0.88,-5.807434734520478
2021-03-09,1.0,1.79,0.45,-3.23,-1.87,-0.47,6.179015348018924
2021-03-10,1.0,0.68,1.2,1.82,-0.07,0.14,-1.2861354284099846
2021-03-11,1.0,1.44,1.09,-2.02,-1.42,-0.81,4.785870581173479
2021-03-12,1.0,0.1,0.53,1.3,0.64,0.59,-0.22159337404534796
2021-03-15,1.0,0.7,-0.33,-1.29,0.21,0.08,1.7890152913581314
2021-03-16,1.0,-0.43,-1.36,-0.83,0.31,-0.02,0.3030303030302939
2021-03-17,1.0,0.33,0.65,0.33,-0.05,0.15,-0.14501842487254502
2021-03-18,1.0,-1.88,-1.22,2.18,0.96,0.45,-5.458059611213873
2021-03-19,1.0,0.25,0.94,-0.99,-0.81,-0.55,1.203270326373418
2021-03-22,1.0,0.55,-1.7,-2.21,-0.25,-0.09,1.5684360377636652
2021-03-23,1.0,-1.17,-2.95,-1.04,0.58,-0.79,-2.391040753886764
2021-03-24,1.0,-1.01,-1.59,1.46,1.39,0.12,-2.4240800753556058
2021-03-25,1.0,0.67,2.01,1.4,0.46,1.12,-0.3399609372622958
2021-03-26,1.0,1.55,0.19,0.69,0.79,0.58,1.5612731859718343
2021-03-29,1.0,-0.49,-2.49,-0.23,0.91,-0.01,-0.3487976484789934
2021-03-30,1.0,-0.02,1.83,1.01,-0.25,-0.2,-1.4778317327824864
2021-03-31,1.0,0.63,0.59,-2.33,-1.2,-0.26,3.289473684210531
2021-04-01,1.0,1.27,0.21,0.0,-0.68,-0.51,3.2993583922173553
2021-04-05,1.0,1.27,-0.7,-0.71,1.0,0.1,0.41929212312257214
2021-04-06,1.0,0.01,-0.32,0.1,-0.12,-0.28,0.012283109656130442
2021-04-07,1.0,-0.12,-1.54,0.32,0.7,-0.11,0.9331955845442552
2021-04-08,1.0,0.62,0.26,-1.17,-0.55,-0.38,1.3990286722309841
2021-04-09,1.0,0.65,-0.62,0.13,0.8,0.13,-0.7078540476204154
2021-04-12,1.0,-0.05,-0.47,0.59,0.74,-0.35,-5.050749392556952
2021-04-13,1.0,0.41,-0.77,-1.61,-1.09,-0.36,2.0488681252680996
2021-04-14,1.0,-0.35,1.17,1.42,0.02,0.68,-2.0451419624868628
2021-04-15,1.0,1.04,-0.79,-1.19,0.1,-0.52,5.677910771733385
2021-04-16,1.0,0.27,-0.19,0.66,0.84,0.16,-1.036020465268972
2021-04-19,1.0,-0.73,-0.66,0.78,0.73,0.41,-1.2659779625198486
2021-04-20,1.0,-0.94,-1.37,-1.57,0.38,-0.48,-2.268529100529104
2021-04-21,1.0,1.11,1.53,0.1,-0.46,0.11,2.951941549615089
2021-04-22,1.0,-0.77,0.64,-0.77,-0.19,-0.21,-3.124620797312394
2021-04-23,1.0,1.26,0.77,0.7,-0.34,0.05,4.679995815702531
2021-04-26,1.0,0.43,0.79,-0.5,-1.21,-0.05,3.2020317272548615
2021-04-27,1.0,-0.03,0.08,0.85,0.53,0.06,-0.23416996728855555
2021-04-28,1.0,-0.06,0.29,0.19,-0.31,-0.33,-1.3965525809084278
2021-04-29,1.0,0.39,-0.77,1.08,1.35,-0.24,-0.13091286045190387
2021-04-30,1.0,-0.83,-0.51,-0.32,0.13,-0.44,-2.729115499444823
2021-05-03,1.0,0.17,0.73,1.71,1.09,1.07,-3.7613325061457203
2021-05-04,1.0,-0.89,-0.25,2.0,1.1,0.58,0.07638135743193164
2021-05-05,1.0,-0.06,-0.17,1.34,0.66,0.62,-0.9922386124420979
2021-05-06,1.0,0.48,-0.54,1.2,1.24,0.6,0.07708795732008777
2021-05-07,1.0,0.84,0.45,-0.1,-0.24,0.14,1.181150566381417
2021-05-10,1.0,-1.36,-1.29,1.69,1.18,0.73,-3.57822583705526
2021-05-11,1.0,-0.63,0.7,-0.89,-0.84,-0.07,1.1054138582699657
2021-05-12,1.0,-2.34,-1.15,0.71,-0.27,0.13,-2.850452153082017
2021-05-13,1.0,1.02,0.47,1.14,1.4,0.36,-2.0766386179429386
2021-05-14,1.0,1.81,0.97,-0.15,-0.25,-0.01,2.0522644344727947
2021-05-17,1.0,-0.24,0.73,0.83,0.01,0.56,0.08044669652007563
2021-05-18,1.0,-0.69,0.06,-0.94,-1.03,-0.43,-0.2813115608575778
2021-05-19,1.0,-0.34,-0.52,-0.46,-0.18,-0.32,2.404622322435168
2021-05-20,1.0,1.15,-0.49,-1.43,-0.84,-0.48,2.4006219612657365
2021-05-21,1.0,-0.04,0.45,0.98,-0.11,-0.07,-1.140147857396978
2021-05-24,1.0,0.99,-0.48,-0.69,0.25,-0.29,0.3498824398956435
2021-05-25,1.0,-0.3,-0.85,-1.23,0.21,-0.16,0.5423529903205937
2021-05-26,1.0,0.47,1.78,0.56,-0.54,0.14,0.6164856457440804
2021-05-27,1.0,0.28,1.08,0.95,-0.26,0.28,0.1021213106899177
2021-05-28,1.0,0.04,-0.37,-0.3,-0.19,-0.42,2.1168116562986006
2021-06-01,1.0,0.03,1.41,1.46,0.29,0.39,0.9115830555038507
2021-06-02,1.0,0.12,-0.21,0.32,-0.09,0.69,1.43547048280539
2021-06-03,1.0,-0.53,-0.25,0.72,0.42,0.32,-2.061732848894249
2021-06-04,1.0,0.89,-0.6,-0.9,-0.13,-0.21,1.6193361628364489
2021-06-07,1.0,0.15,1.28,-0.96,-1.01,-0.19,-0.28193595461043497
2021-06-08,1.0,0.19,1.08,-0.32,0.06,-0.06,-0.5654567831602231
2021-06-09,1.0,-0.3,-0.45,-0.84,0.15,0.17,-1.149709867960258
2021-06-10,1.0,0.4,-1.33,-2.05,-0.55,-1.06,2.000998614858407
2021-06-11,1.0,0.37,0.71,0.18,0.04,-0.02,-0.30652281447213214
2021-06-14,1.0,0.15,-0.75,-1.62,-0.59,-0.48,0.29517341086022775
2021-06-15,1.0,-0.3,0.21,1.3,0.69,0.12,-1.32434309091225
2021-06-16,1.0,-0.45,0.43,0.2,-0.34,-0.24,-0.44737244301040757
2021-06-17,1.0,0.01,-1.34,-3.59,-0.69,-1.09,5.554858212879821
2021-06-18,1.0,-1.22,-0.8,-1.45,-0.44,-0.69,0.1064379965512563
2021-06-21,1.0,1.34,0.83,1.06,0.41,0.33,-2.4335559962848974
2021-06-22,1.0,0.58,-0.1,-0.43,0.19,0.21,1.1986990399100783
2021-06-23,1.0,0.01,0.51,-0.28,-0.48,-0.23,0.28714747369191773
2021-06-24,1.0,0.69,0.74,0.23,-0.38,0.26,2.7201130847029464
2021-06-25,1.0,0.31,-0.5,0.43,-0.13,0.06,-0.5574863368706495
2021-06-28,1.0,0.22,-0.84,-1.59,-0.51,-0.13,1.7052079393105934
2021-06-29,1.0,0.0,-0.4,-0.29,0.31,0.4,2.8020151133501203
2021-06-30,1.0,0.07,0.12,0.75,0.73,0.62,4.926277734004958
2021-07-01,1.0,0.43,0.4,0.41,0.01,0.42,-0.6600689285294004
2021-07-02,1.0,0.56,-1.52,-0.71,0.66,-0.16,1.4896575136823742
2021-07-06,1.0,-0.28,-1.04,-1.99,0.56,-0.7,-0.24286772434086723
2021-07-07,1.0,0.09,-0.86,0.08,1.7,0.32,-4.160051079066274
2021-07-08,1.0,-0.86,-0.01,-0.77,-0.22,0.0,-0.8835907263842424
2021-07-09,1.0,1.25,0.85,1.57,-0.18,0.34,1.2926272450667131
2021-07-12,1.0,0.23,-0.01,0.56,0.29,-0.29,-0.09901426377812994
2021-07-13,1.0,-0.56,-1.23,-0.41,0.72,0.12,-0.6056551449727832
2021-07-14,1.0,-0.26,-1.17,0.34,1.93,0.6,-1.3405706357577873
2021-07-15,1.0,-0.38,-0.26,0.79,0.33,-0.07,-2.380688011150134
2021-07-16,1.0,-0.77,-0.4,-1.25,0.12,-0.83,-1.1963659402695503
2021-07-19,1.0,-1.41,0.04,-1.74,-0.42,-1.12,0.8033559742805174
2021-07-20,1.0,1.69,0.84,0.16,-0.56,0.39,0.6121491892909336
2021-07-21,1.0,0.95,0.72,0.79,-0.98,0.06,2.6403432850906183
2021-07-22,1.0,0.09,-1.55,-1.01,0.5,-0.39,2.0131924266166834
2021-07-23,1.0,0.98,-0.33,-0.47,0.48,-0.32,1.0305914382650938
2021-07-26,1.0,0.18,0.1,1.33,0.26,0.87,-0.3581137553882896
2021-07-27,1.0,-0.66,-0.47,0.59,0.46,0.12,-0.8603800023448183
2021-07-28,1.0,0.27,1.21,-0.65,-1.56,-0.71,7.579920486001579
2021-07-29,1.0,0.41,0.22,0.94,0.82,0.52,5.126107043217365
2021-07-30,1.0,-0.65,-0.08,-0.17,0.55,0.38,3.1471642440096037
2021-08-02,1.0,-0.12,-0.12,-0.41,-0.07,-0.31,2.2977632130275705
2021-08-03,1.0,0.73,-0.4,0.92,0.64,0.21,3.6177855146287685
2021-08-04,1.0,-0.39,-0.96,-1.56,-0.37,-1.09,5.517056875592075
2021-08-05,1.0,0.74,1.07,-0.1,-1.32,-0.42,-5.405404016503446
2021-08-06,1.0,0.09,0.47,1.88,0.58,0.32,-1.9937675960765566
2021-08-09,1.0,0.01,-0.45,-0.26,-0.63,-0.54,-2.297701176344402
2021-08-10,1.0,0.06,0.38,1.82,0.71,0.89,-1.0224934517556017
2021-08-11,1.0,0.19,0.3,1.41,0.89,0.49,1.1269692997845304
2021-08-12,1.0,0.24,-0.69,-0.4,0.05,0.1,-1.0958398048212747
2021-08-13,1.0,0.0,-0.95,-0.24,0.7,-0.01,3.8028197669087493
2021-08-16,1.0,-0.05,-0.87,0.05,1.66,0.16,-2.77702361834119
2021-08-17,1.0,-0.8,-0.5,-0.11,-0.29,0.1,0.07442705541653716
2021-08-18,1.0,-0.95,0.11,-0.18,-0.31,-0.67,-3.830415777894669
2021-08-19,1.0,-0.15,-0.96,-0.82,1.39,-0.47,0.251348125192874
2021-08-20,1.0,0.92,0.85,-0.48,-0.38,-0.28,0.9161085878439001
2021-08-23,1.0,1.08,0.76,-0.85,-1.83,-0.06,3.9369279093308673
2021-08-24,1.0,0.41,0.41,0.36,-0.72,0.09,-1.0296912308113915
2021-08-25,1.0,0.26,0.06,0.36,-0.43,-0.02,0.603810047993969
2021-08-26,1.0,-0.65,-0.44,-0.32,-0.05,-0.16,-0.9510677559253167
2021-08-27,1.0,1.07,1.65,0.3,-0.71,0.14,3.850102556220647
2021-08-30,1.0,0.35,-0.69,-1.37,0.66,0.14,-0.07181492814980484
2021-08-31,1.0,-0.13,0.46,-0.05,-0.45,-0.21,-0.5389853357581242
2021-09-01,1.0,0.11,0.4,-0.94,-0.43,-0.36,-0.6593238338919893
2021-09-02,1.0,0.36,0.2,-0.04,-0.42,0.58,-0.7182479596970381
2021-09-03,1.0,-0.01,-0.55,-0.26,0.03,-0.26,0.6593417956269665
2021-09-07,1.0,-0.36,-0.36,-0.09,-0.6,0.18,-0.7005064191166865
2021-09-08,1.0,-0.34,-0.74,0.08,0.75,0.17,-2.7301908522896823
2021-09-09,1.0,-0.27,0.26,0.09,-0.79,-0.3,-0.01883455157886127
2021-09-10,1.0,-0.76,-0.03,0.02,0.21,-0.48,-0.8949642618753195
2021-09-13,1.0,0.14,0.23,1.34,0.21,0.98,-0.38022234609110805
2021-09-14,1.0,-0.66,-0.67,-0.97,0.43,-0.47,0.8874048455098649
2021-09-15,1.0,0.88,0.13,0.63,-0.25,0.47,-0.12295931020981365
2021-09-16,1.0,-0.03,-0.09,-0.55,-0.4,-0.55,0.587123821534874
2021-09-17,1.0,-0.72,0.97,-0.05,-0.64,-0.44,-2.2029786672880136
2021-09-20,1.0,-1.87,-0.58,0.23,0.77,0.27,-2.242967138299079
2021-09-21,1.0,0.05,0.26,-0.67,-0.44,-0.31,1.2506121170859252
2021-09-22,1.0,1.0,0.15,0.53,-0.53,0.49,1.5172121797548233
2021-09-23,1.0,1.28,0.46,0.93,-1.01,0.2,1.695731288595126
2021-09-24,1.0,0.08,-0.39,0.7,0.58,0.25,-0.3297206491662319
2021-09-27,1.0,-0.1,1.71,2.43,-0.26,0.72,2.2306243310759033
2021-09-28,1.0,-2.18,0.0,1.75,0.84,1.07,-6.139059536079783
2021-09-29,1.0,0.03,-0.2,0.8,1.16,0.33,-1.1524805039729302
2021-09-30,1.0,-1.02,0.08,-0.77,-1.22,-0.36,2.541109208302994
2021-10-01,1.0,1.1,0.47,0.5,-0.1,0.61,-0.43732222639816243
2021-10-04,1.0,-1.43,0.4,2.33,0.7,1.06,-2.0595418967338186
2021-10-05,1.0,1.05,-0.57,-0.07,-0.07,-0.31,1.4650202056545325
2021-10-06,1.0,0.33,-1.0,-0.49,0.33,-0.69,1.7974677093980818
2021-10-07,1.0,1.01,0.46,-0.17,-0.08,0.06,2.7113060354517993
2021-10-08,1.0,-0.28,-0.45,1.12,0.1,0.6,-1.3057768243283974
2021-10-11,1.0,-0.72,0.22,-0.28,-0.03,0.29,-0.3616954713957954
2021-10-12,1.0,-0.06,0.56,-0.44,-0.89,-0.25,0.34390581706347234
2021-10-13,1.0,0.43,-0.08,-1.06,-0.47,-0.77,3.9223178890633426
2021-10-14,1.0,1.65,-0.37,-0.27,-0.01,-0.14,2.5925193355801124
2021-10-15,1.0,0.63,-1.13,0.3,0.37,-0.05,0.11608615527489707
2021-10-18,1.0,0.41,-0.41,-0.01,0.56,-0.05,3.844093340182453
2021-10-19,1.0,0.71,-0.47,-0.23,-0.16,0.09,-0.08588720592543897
2021-10-20,1.0,0.34,0.23,1.19,0.29,0.51,0.051575309592855056
2021-10-21,1.0,0.37,0.03,-0.95,0.33,-0.63,2.525992316198722
2021-10-22,1.0,-0.25,0.0,1.01,0.45,0.51,0.4106241986514547
2021-10-25,1.0,0.58,0.37,-0.15,-0.42,-0.36,2.1198472058058693
2021-10-26,1.0,0.04,-0.78,-0.31,-0.37,-0.14,0.46583825758497177
2021-10-27,1.0,-0.76,-0.95,-1.18,0.85,-0.61,-0.5287574426627084
2021-10-28,1.0,1.14,0.82,-0.5,-0.33,-0.17,-0.9159266669678146
2021-10-29,1.0,0.22,0.14,-0.83,0.55,-0.8,-0.7675802881034643
2021-11-01,1.0,0.51,2.05,0.44,-1.12,0.03,4.158695716872107
2021-11-02,1.0,0.24,-0.32,-0.54,0.41,0.14,1.9164687631955557
2021-11-03,1.0,0.8,1.44,-0.12,0.21,-0.39,2.272194302504582
2021-11-04,1.0,0.39,-0.28,-1.37,0.65,-0.72,5.339769620689383
2021-11-05,1.0,0.38,0.79,1.19,0.01,1.3,-0.8436390269886407
2021-11-08,1.0,0.18,0.02,0.07,-0.5,-0.08,10.136429291056093
2021-11-09,1.0,-0.35,-0.15,0.45,0.58,0.28,-0.8257894665175458
2021-11-10,1.0,-1.07,-0.31,0.93,1.38,-0.08,-6.077090493575521
2021-11-11,1.0,0.24,0.63,0.33,0.14,0.11,4.389790236643787
2021-11-12,1.0,0.74,-0.46,-0.91,0.39,-0.3,1.2875864348618205
2021-11-15,1.0,-0.02,-0.46,0.71,0.56,0.48,-0.9466454136603186
2021-11-16,1.0,0.5,-0.17,-0.72,0.19,-0.64,4.068531115835228
2021-11-17,1.0,-0.47,-0.64,-0.25,0.81,0.16,-0.7281079911916399
2021-11-18,1.0,0.06,-0.76,-0.07,1.26,-0.09,2.431616243966417
2021-11-19,1.0,-0.2,-0.41,-1.28,1.05,-0.59,0.25158004057526107
2021-11-22,1.0,-0.61,0.05,2.76,1.24,1.59,-1.8595967579615014
2021-11-23,1.0,-0.03,-0.2,1.75,0.24,1.15,-1.7046984203271998
2021-11-24,1.0,0.3,-0.13,-0.87,-0.52,-0.2,5.256139927331449
2021-11-26,1.0,-2.22,-1.28,-0.92,0.25,-0.61,-1.8948069932440692
2021-11-29,1.0,1.11,-1.31,-0.79,0.38,-0.32,4.586271051925017
2021-11-30,1.0,-1.95,0.16,-1.13,-0.11,0.43,-2.1864050798921175
2021-12-01,1.0,-1.61,-0.47,1.11,2.29,0.74,-5.847063706722921
2021-12-02,1.0,1.51,1.0,1.27,-0.65,0.04,1.0529086305433921
2021-12-03,1.0,-1.21,-0.86,1.07,1.78,1.0,-4.42659841595372
2021-12-06,1.0,1.19,0.83,0.63,0.09,0.61,-3.43725931328136
2021-12-07,1.0,2.22,-0.16,-1.79,-1.45,-0.43,4.163676575991748
2021-12-08,1.0,0.47,0.34,-0.83,-0.97,0.2,0.26924361285129983
2021-12-09,1.0,-1.07,-1.07,1.57,1.42,0.97,-4.9160004954588725
2021-12-10,1.0,0.7,-0.87,0.5,1.38,0.77,0.32584860851119224
2021-12-13,1.0,-1.04,-0.29,-0.98,0.3,-0.31,-3.428365135600575
2021-12-14,1.0,-0.76,-0.35,1.64,0.4,0.17,1.345293729972119
2021-12-15,1.0,1.62,0.02,-1.91,0.05,-0.36,8.038343219662858
2021-12-16,1.0,-1.2,-0.86,2.78,0.64,0.64,-5.3651881299328075
2021-12-17,1.0,-0.65,1.47,-2.33,-1.7,-0.37,-0.6419499376562277
2021-12-20,1.0,-1.27,-0.22,-0.41,0.04,0.16,-1.4156057700487779
2021-12-21,1.0,2.06,0.67,0.19,-1.08,-0.19,6.222383474484627
2021-12-22,1.0,0.97,0.18,-0.36,0.34,0.08,-0.25649574848353174
2021-12-23,1.0,0.71,0.29,-0.48,-0.36,-0.39,1.5707495344309041
2021-12-27,1.0,1.22,-0.13,0.29,0.97,0.48,5.624744255531566
2021-12-28,1.0,-0.27,-0.41,0.81,0.84,0.2,-0.7838861810590347
2021-12-29,1.0,0.06,-0.03,0.17,0.69,0.0,-3.1929478188250093
2021-12-30,1.0,-0.15,0.08,-0.4,-0.83,-0.42,-2.0976667513691094
2021-12-31,1.0,-0.31,0.18,0.53,0.36,0.4,-0.8611781278416442
2022-01-03,1.0,0.73,0.43,0.78,-1.17,0.6,4.405845632794425
2022-01-04,1.0,-0.29,-0.07,3.62,0.63,1.47,-3.873806650308964
2022-01-05,1.0,-2.28,-0.94,2.6,1.41,1.22,-5.726356721585413
2022-01-06,1.0,0.0,0.38,1.75,-0.55,-0.02,0.05876006951239798
2022-01-07,1.0,-0.48,-0.96,2.02,-0.12,0.85,-3.105039903252349
2022-01-10,1.0,-0.15,-0.3,-0.28,-0.04,-0.38,0.0
2022-01-11,1.0,1.1,-0.2,-0.3,-1.26,0.38,4.022725423177076
2022-01-12,1.0,0.12,-0.85,0.5,0.76,0.27,0.11652732135625232
2022-01-13,1.0,-1.57,0.86,2.41,1.17,1.01,-3.440747570770164
2022-01-14,1.0,0.08,0.04,0.54,-0.84,0.48,3.1188784227236255
2022-01-18,1.0,-2.08,-0.9,1.37,0.8,0.97,-3.616315042704099
2022-01-19,1.0,-1.01,-0.36,-0.67,0.25,0.08,-2.7741898025528955
2022-01-20,1.0,-1.14,-0.83,-0.23,-0.3,0.13,-4.973886856088816
2022-01-21,1.0,-2.1,0.38,0.49,1.03,0.47,-2.5268700028529656
2022-01-24,1.0,0.53,1.75,-0.25,-0.07,-0.65,-1.9190293966401595
2022-01-25,1.0,-1.43,-0.19,2.79,-0.78,1.61,-4.634001186343695
2022-01-26,1.0,-0.3,-1.06,0.09,0.42,-0.05,-0.37793411259388066
2022-01-27,1.0,-0.79,-1.47,0.79,1.06,0.96,-7.325445467815028
2022-01-28,1.0,2.45,-0.61,-2.07,0.17,0.25,2.5730988585875414
2022-01-31,1.0,2.34,0.72,-2.86,-1.82,-1.58,8.561385708021096
2022-02-01,1.0,0.87,0.12,0.65,-1.07,0.38,2.214440944679974
2022-02-02,1.0,0.48,-1.58,0.72,1.48,0.49,5.120742780820908
2022-02-03,1.0,-2.49,0.44,2.18,0.42,1.32,-2.1831217485657084
2022-02-04,1.0,0.89,-0.28,-0.6,-1.7,-1.1,2.9313762403325283
2022-02-07,1.0,-0.25,0.65,0.23,-0.7,-0.01,0.05663405800031551
2022-02-08,1.0,1.02,0.73,-0.28,0.92,-0.46,3.6872302305401172
2022-02-09,1.0,1.61,0.03,-1.95,-1.1,-0.23,3.602909248935071
2022-02-10,1.0,-1.69,0.03,1.23,-0.56,0.32,-5.329325656885953
2022-02-11,1.0,-1.92,0.91,2.13,-0.18,1.44,-10.010333683653394
2022-02-14,1.0,-0.35,0.09,-0.59,0.68,-0.2,0.963064441554673
2022-02-15,1.0,1.87,1.03,-1.42,-0.68,-0.83,6.300870560210692
2022-02-16,1.0,-0.02,0.04,0.31,0.59,0.4,-3.1118784401992894
2022-02-17,1.0,-2.28,-0.05,1.1,0.88,1.44,-4.52034971914701
2022-02-18,1.0,-0.87,0.1,0.94,1.05,0.43,1.2992783205365344
2022-02-22,1.0,-1.18,-0.36,0.11,-0.05,0.15,1.5988752223033753
2022-02-23,1.0,-1.96,0.06,1.26,0.02,1.04,-5.092952280100437
2022-02-24,1.0,1.89,0.72,-3.86,-1.79,-1.72,6.240887701167419
2022-02-25,1.0,2.23,-0.14,1.22,0.36,-0.21,3.8161366306065814
2022-02-28,1.0,0.05,0.41,-0.5,-0.8,0.3,1.8833626509808354
2022-03-01,1.0,-1.57,-0.28,-0.81,-0.39,0.55,-7.7103898080094435
2022-03-02,1.0,1.81,0.61,1.34,0.52,0.38,3.909335743354214
2022-03-03,1.0,-0.88,-0.22,1.52,1.23,1.21,-5.326340452639567
2022-03-04,1.0,-1.1,-0.5,0.68,0.4,1.18,-3.188068929990051
2022-03-07,1.0,-3.12,0.73,0.89,-0.67,1.33,-5.036441776060496
2022-03-08,1.0,-0.52,0.97,0.32,-1.13,-0.22,2.5060727610820344
2022-03-09,1.0,2.8,0.0,-2.09,-0.42,-1.53,5.230744182993274
2022-03-10,1.0,-0.47,0.31,1.16,-0.33,0.34,-4.133276759250393
2022-03-11,1.0,-1.49,-0.13,1.79,0.98,0.59,-2.0383225508235125
2022-03-14,1.0,-1.06,-0.85,1.77,2.18,0.04,-1.9560848572431233
2022-03-15,1.0,2.15,-0.49,-2.39,0.75,-0.99,6.92420716973563
2022-03-16,1.0,2.61,0.44,-1.83,-1.17,-1.52,5.524559420442365
2022-03-17,1.0,1.43,0.16,-1.09,-1.59,-0.14,-3.1897375553150975
2022-03-18,1.0,1.33,-0.19,-1.85,-0.54,-0.8,1.584740446214039
2022-03-21,1.0,-0.18,-0.94,1.59,-0.17,1.56,2.168164202646561
2022-03-22,1.0,1.31,-0.22,-1.16,-0.82,-1.0,-0.983436342008015
2022-03-23,1.0,-1.26,-0.61,0.38,-0.49,1.54,-0.7492599925926102
2022-03-24,1.0,1.42,-0.32,-0.79,-0.47,-0.2,5.802318044764032
2022-03-25,1.0,0.27,-0.3,2.18,0.22,1.32,-0.7135158210084369
2022-03-28,1.0,0.73,-0.87,-1.7,0.49,-1.18,0.47630960436677583
2022-03-29,1.0,1.45,1.2,-1.92,-0.34,-0.96,2.4866978927858163
2022-03-30,1.0,-0.83,-1.12,0.4,0.39,0.9,-3.254079385696007
2022-03-31,1.0,-1.55,0.62,-0.44,-0.22,0.39,-8.28720414498435
2022-04-01,1.0,0.39,0.57,-0.59,-0.91,0.1,-1.0527595893551833
2022-04-04,1.0,0.94,-0.54,-1.88,-0.78,-0.65,2.1618581986195218
2022-04-05,1.0,-1.54,-0.73,0.84,0.71,0.18,-3.3575539902707052
2022-04-06,1.0,-1.24,-0.31,1.09,0.25,0.85,-2.949887413291701
2022-04-07,1.0,0.33,-0.61,-0.13,0.38,0.34,0.047232905026512895
2022-04-08,1.0,-0.39,-0.53,2.24,0.37,1.04,-2.623446190407679
2022-04-11,1.0,-1.53,0.62,1.06,0.44,0.06,-3.595056686552449
2022-04-12,1.0,-0.29,0.57,0.46,-0.24,1.04,-2.332317868367444
2022-04-13,1.0,1.4,0.62,-0.71,-1.0,0.03,2.775024639334618
2022-04-14,1.0,-1.28,0.32,1.41,0.19,0.93,-4.789214044877293
2022-04-18,1.0,-0.21,-0.57,1.8,0.76,0.61,0.8908996914137001
2022-04-19,1.0,1.77,0.4,-0.95,0.53,-1.27,3.236832501107163
2022-04-20,1.0,-0.28,0.48,1.26,0.78,1.11,-3.0031702805606897
2022-04-21,1.0,-1.75,-0.56,0.41,1.76,0.39,-4.436224758384237
2022-04-22,1.0,-2.74,0.25,-0.16,-0.13,-0.22,-1.9041709666252005
2022-04-25,1.0,0.71,0.12,-1.84,0.11,-1.06,2.89212805697306
2022-04-26,1.0,-3.0,-0.36,1.79,0.24,1.21,-6.098693935855542
2022-04-27,1.0,0.12,-0.56,0.34,0.14,0.79,-0.29456504139188555
2022-04-28,1.0,2.44,-0.51,-0.45,0.46,0.1,5.5695988971118
2022-04-29,1.0,-3.53,0.87,0.59,-0.23,0.66,-4.597165522796514
2022-05-02,1.0,0.8,0.39,-1.15,-0.61,-1.32,5.0504497946656075
2022-05-03,1.0,0.41,0.16,1.62,0.01,1.15,1.4348870971850958
2022-05-04,1.0,3.0,-0.47,0.24,0.0,0.09,9.095895825064256
2022-05-05,1.0,-3.8,-0.25,2.37,0.59,1.14,-5.583373289659614
2022-05-06,1.0,-0.85,-1.01,1.77,1.0,1.37,1.56498865270845
2022-05-09,1.0,-3.54,-0.06,1.37,4.2,-0.32,-9.41991763422501
2022-05-10,1.0,0.2,-0.5,-1.22,-0.66,0.32,2.743329237878618
2022-05-11,1.0,-1.95,-0.59,2.59,0.7,0.94,-0.9138875885757393
2022-05-12,1.0,0.17,1.2,-1.23,-0.37,-1.1,-0.9791626800071108
2022-05-13,1.0,2.76,0.39,-2.2,-2.15,-0.67,9.256989218944874
2022-05-16,1.0,-0.6,0.09,1.34,0.19,1.32,-0.9261522891110531
2022-05-17,1.0,2.14,0.94,-0.05,-0.7,-0.32,8.73202583137856
2022-05-18,1.0,-4.04,0.46,1.53,-0.54,0.36,-6.041794737646216
2022-05-19,1.0,-0.34,0.4,-0.8,-1.2,-0.84,0.40406792126413504
2022-05-20,1.0,-0.05,-0.14,-0.19,-0.1,0.17,-3.2801954370426922
2022-05-23,1.0,1.74,-0.92,1.29,-0.03,1.03,1.6781440586355179
2022-05-24,1.0,-1.23,-0.47,1.85,1.42,1.12,-4.113754859856926
2022-05-25,1.0,1.22,0.74,0.21,-0.54,0.01,1.633486401835078
2022-05-26,1.0,2.18,0.03,-0.62,-0.15,-0.31,6.582916215497587
2022-05-27,1.0,2.58,0.04,-1.31,-0.66,-0.25,3.5534325430181934
2022-05-31,1.0,-0.71,-0.39,0.45,0.8,-0.25,-0.3921612727584557
2022-06-01,1.0,-0.75,0.22,0.79,-0.18,1.07,-0.6313127683227141
2022-06-02,1.0,2.09,0.42,-2.07,-0.45,-1.49,7.278164817532204
2022-06-03,1.0,-1.63,1.01,0.53,-0.78,0.45,-2.11184369035913
2022-06-06,1.0,0.33,0.06,0.65,0.47,0.19,-0.6144783699135207
2022-06-07,1.0,0.99,0.18,-0.14,-1.56,0.67,-0.35321556198595594
2022-06-08,1.0,-1.02,-0.27,-0.53,-0.68,-0.22,-3.2134837505779306
2022-06-09,1.0,-2.44,0.44,0.26,0.87,0.15,-3.045196690579835
2022-06-10,1.0,-3.0,0.27,0.62,0.31,0.48,-4.031343354249298
2022-06-13,1.0,-4.13,-0.47,0.62,1.7,-0.38,-8.260753486875508
2022-06-14,1.0,-0.25,0.11,0.12,0.11,0.04,-0.003
2022-06-15,1.0,1.55,-0.02,-1.65,-0.2,-1.13,2.652483670209824
2022-06-16,1.0,-3.52,-1.09,0.03,0.61,-0.66,-8.121700730388485
2022-06-17,1.0,0.47,0.73,-2.63,0.36,-2.0,-0.5880132103356609
2022-06-21,1.0,2.38,-0.83,0.24,-0.91,0.01,2.718590326111012
2022-06-22,1.0,-0.18,0.03,-1.77,0.63,-1.61,-0.05073948572655007
2022-06-23,1.0,1.13,0.3,-3.85,0.5,-1.86,-1.5791190385960798
2022-06-24,1.0,3.11,-0.41,-0.04,0.11,-0.33,5.638151896959218
2022-06-27,1.0,-0.28,0.77,1.24,-0.29,1.29,-1.059497645383858
2022-06-28,1.0,-2.1,0.04,2.36,-0.68,1.28,-6.247202244827046
2022-06-29,1.0,-0.2,-0.59,-1.3,1.09,-0.86,-3.4568263898097444
2022-06-30,1.0,-0.96,0.51,-0.15,0.89,-0.17,-1.9519635654580838
2022-07-01,1.0,1.15,-0.02,0.1,-0.74,-0.06,-3.6655705597762616
2022-07-05,1.0,0.49,1.12,-3.34,-1.76,-2.15,2.072827497386624
2022-07-06,1.0,0.17,-0.88,-0.72,0.05,-0.32,0.19547012229555305
2022-07-07,1.0,1.77,0.89,-0.97,-0.84,-1.32,5.2382092337445
2022-07-08,1.0,-0.07,0.07,-0.07,-0.25,-0.21,0.05904592741395165
2022-07-11,1.0,-1.39,-0.99,1.59,1.72,1.25,-3.0285766503217197
2022-07-12,1.0,-0.88,0.85,0.51,0.1,0.84,-0.770726915255711
2022-07-13,1.0,-0.39,0.42,-0.38,0.04,-0.33,1.5151147504490576
2022-07-14,1.0,-0.41,-0.47,-1.0,0.78,-0.04,1.389191276861705
2022-07-15,1.0,1.95,0.04,0.46,-0.22,-0.39,3.189387003762971
2022-07-18,1.0,-0.71,0.37,1.02,0.15,-0.09,0.39052557319223924
2022-07-19,1.0,2.8,0.84,-0.56,-0.27,-0.59,5.460812638542194
2022-07-20,1.0,0.89,1.08,-1.32,-1.48,-1.49,4.1296785809183545
2022-07-21,1.0,0.97,-0.33,-1.6,-0.26,-0.89,1.8521959376609538
2022-07-22,1.0,-1.19,-0.84,1.38,1.74,1.52,-3.286465675680113
2022-07-25,1.0,0.11,0.1,1.68,0.65,0.52,-0.6396385565185252
2022-07-26,1.0,-1.32,0.34,1.06,0.57,1.16,-2.619948014139391
2022-07-27,1.0,2.72,0.16,-1.26,-0.2,-1.34,5.3567034543392555
2022-07-28,1.0,1.19,-0.04,-0.87,0.15,-0.87,2.0556732135456763
2022-07-29,1.0,1.44,-0.88,0.45,0.49,-1.16,3.0504377742841133
2022-08-01,1.0,-0.19,0.18,-0.26,0.17,0.34,2.4372180890705
2022-08-02,1.0,-0.49,0.58,-1.4,-2.16,-0.46,2.5855132960214657
2022-08-03,1.0,1.67,0.28,-1.92,-1.49,-0.7,-1.2165855237907062
2022-08-04,1.0,-0.06,0.41,-1.64,-1.31,-0.86,5.925334225205367
2022-08-05,1.0,-0.05,0.94,-0.06,-1.27,-0.23,-1.547799872126335
2022-08-08,1.0,0.0,0.97,-0.08,-0.45,0.22,-2.1974222629481264
2022-08-09,1.0,-0.68,-1.37,2.11,0.87,1.27,-4.534830012103189
2022-08-10,1.0,2.36,0.76,-1.6,-1.39,-1.36,3.6658560839389978
2022-08-11,1.0,-0.07,0.21,1.64,0.75,0.89,-0.9469200166806777
2022-08-12,1.0,1.76,0.49,-0.74,-0.65,-0.53,2.7539231640992448
2022-08-15,1.0,0.38,-0.02,-0.63,-0.18,-0.01,0.17051859754736132
2022-08-16,1.0,0.19,-0.15,0.7,1.03,0.52,-0.8099059210550683
2022-08-17,1.0,-0.93,-0.92,1.04,1.28,0.66,-1.9341480678215093
2022-08-18,1.0,0.27,0.35,0.46,0.79,0.08,2.2002078685945916
2022-08-19,1.0,-1.5,-0.94,0.97,1.06,1.25,-4.478335906038436
2022-08-22,1.0,-2.14,-0.04,0.38,0.19,0.2,-3.2492722347757605
2022-08-23,1.0,-0.11,0.12,0.32,-0.37,-0.19,-0.38499104688380115
2022-08-24,1.0,0.4,0.52,-0.62,-1.44,-0.48,0.2514934573547869
2022-08-25,1.0,1.45,0.12,-0.01,0.15,-0.38,4.790874999619485
2022-08-26,1.0,-3.38,-0.27,1.68,0.22,0.85,-6.182109879767553
2022-08-29,1.0,-0.72,-0.39,0.43,0.25,0.43,-2.9582110467239717
2022-08-30,1.0,-1.11,-0.38,-0.24,-0.24,0.12,-1.7596052206821176
2022-08-31,1.0,-0.74,0.23,-0.44,-0.63,-0.13,-2.3889519630728193
2022-09-01,1.0,-0.01,-1.04,-0.29,0.62,0.55,-3.0018135187077486
2022-09-02,1.0,-0.99,0.11,1.06,-0.06,0.26,-2.5475690766459023
2022-09-06,1.0,-0.51,-0.54,-0.51,-0.17,-0.7,-1.9033129156696158
2022-09-07,1.0,1.92,0.41,-1.53,-1.3,-0.54,1.1215886380174047
2022-09-08,1.0,0.78,-0.15,-0.2,-1.29,-1.02,3.9729094895636954
2022-09-09,1.0,1.67,0.38,-0.52,-0.1,-0.49,3.216414602945209
2022-09-12,1.0,1.07,0.25,-0.17,-0.13,-0.13,-0.9569199385862724
2022-09-13,1.0,-4.29,0.05,1.44,-0.3,0.89,-9.000021579901237
2022-09-14,1.0,0.44,-0.18,-0.28,-0.73,-0.43,0.5362397450357971
2022-09-15,1.0,-1.03,0.39,0.54,-0.35,0.23,-1.0290042830998956
2022-09-16,1.0,-0.98,-0.75,0.85,1.68,0.95,-0.20467116972765143
2022-09-19,1.0,0.72,-0.08,0.67,0.61,-0.07,0.3308176703393707
2022-09-20,1.0,-1.16,-0.3,0.06,-0.12,0.33,-1.9889357946223005
2022-09-21,1.0,-1.68,0.33,0.08,0.38,0.1,-1.0322513529121689
2022-09-22,1.0,-1.14,-1.16,0.42,1.16,0.91,-6.695362959823889
2022-09-23,1.0,-1.85,-0.48,-0.8,0.19,-0.25,-2.224828655435026
2022-09-26,1.0,-1.02,-0.06,-0.75,0.18,-0.41,-2.4516074971712563
2022-09-27,1.0,-0.05,0.58,-0.93,-0.63,-0.9,1.3032097694449942
2022-09-28,1.0,2.15,0.92,-0.33,-0.87,-0.71,1.7626279199727848
2022-09-29,1.0,-2.17,-0.28,0.87,0.44,0.5,-6.182202432745595
2022-09-30,1.0,-1.42,0.59,0.27,-0.66,-0.09,-1.2250879119415101
2022-10-03,1.0,2.55,0.01,0.68,0.9,0.36,4.329277735967568
2022-10-04,1.0,3.3,0.72,-0.07,-1.04,-0.3,2.6966098910927325
2022-10-05,1.0,-0.22,-0.37,0.06,0.35,0.16,0.047911509025660895
2022-10-06,1.0,-0.86,0.46,0.12,-0.11,-0.47,-0.14347566095214714
2022-10-07,1.0,-2.91,-0.23,1.68,0.97,1.46,-13.879828384721643
2022-10-10,1.0,-0.81,0.24,0.76,1.52,0.4,-1.0890240729335698
2022-10-11,1.0,-0.7,0.62,0.32,0.57,0.65,-0.32236533627370567
2022-10-12,1.0,-0.27,0.02,0.02,-0.02,0.01,0.37074111040851776
2022-10-13,1.0,2.4,-0.27,1.57,0.55,0.95,1.8731835459606716
2022-10-14,1.0,-2.46,-0.21,1.2,0.53,1.58,-5.100922073124265
2022-10-17,1.0,2.74,0.37,-1.43,-1.01,-1.18,3.6000127053153195
2022-10-18,1.0,1.19,-0.13,0.01,-0.43,0.03,-0.0800146931663027
2022-10-19,1.0,-0.87,-1.2,1.21,0.7,0.77,-1.2022960091889912
2022-10-20,1.0,-0.8,-0.33,-0.43,-0.61,0.12,0.9325626766497229
2022-10-21,1.0,2.3,-0.05,0.1,0.61,-0.21,1.8065510277660624
2022-10-24,1.0,1.03,-0.63,0.44,1.16,0.48,-0.21501042588805708
2022-10-25,1.0,1.78,1.02,-1.52,-1.19,-1.22,4.707910428894785
2022-10-26,1.0,-0.66,0.7,0.89,-0.8,0.67,-2.8416517714542735
2022-10-27,1.0,-0.54,0.43,1.06,-0.36,0.52,-1.9028484459658934
2022-10-28,1.0,2.33,0.05,-0.33,0.38,0.61,5.808112519120684
2022-10-31,1.0,-0.67,0.47,0.75,-0.21,0.49,-3.1556492517724246
2022-11-01,1.0,-0.35,0.44,0.78,-0.01,0.4,-0.680003191363207
2022-11-02,1.0,-2.67,-0.87,1.61,0.21,1.05,-1.740447840984291
2022-11-03,1.0,-1.03,0.39,0.31,-0.13,0.06,2.5103041365748733
2022-11-04,1.0,1.16,-0.25,1.27,2.21,0.63,3.4463194064836364
2022-11-07,1.0,0.87,-0.34,0.61,1.06,0.94,1.4171034314181015
2022-11-08,1.0,0.5,-0.55,-0.36,-0.19,0.06,1.2066668051923497
2022-11-09,1.0,-2.25,-0.52,0.55,0.95,1.06,-6.169051525598143
2022-11-10,1.0,5.68,1.01,-3.11,-0.67,-2.73,14.255030896247625
2022-11-11,1.0,1.07,0.17,-1.08,-0.9,-1.14,5.68192734971307
2022-11-14,1.0,-0.95,-0.25,0.26,0.54,0.42,1.5888685763310069
2022-11-15,1.0,1.03,0.46,-0.7,-0.49,-0.51,3.8483745606327866
2022-11-16,1.0,-1.03,-1.07,0.57,1.19,0.93,-4.819559337896048
2022-11-17,1.0,-0.42,-0.29,0.58,1.38,0.75,1.6366253480189858
2022-11-18,1.0,0.4,-0.09,0.08,0.4,0.62,-0.46055185959519007
2022-11-21,1.0,-0.53,-0.21,0.99,0.48,1.1,-1.5227679964060907
2022-11-22,1.0,1.35,-0.38,0.43,0.72,-0.23,3.836401532954484
2022-11-23,1.0,0.63,-0.24,-0.94,-0.75,-0.57,1.5142412304038706
2022-11-25,1.0,-0.02,0.27,0.43,-0.16,0.14,-1.6632174228604828
2022-11-28,1.0,-1.55,-0.47,-0.2,0.3,0.29,-2.6091516689935226
2022-11-29,1.0,-0.18,0.34,1.03,0.19,0.48,0.2592571957519747
2022-11-30,1.0,3.12,-0.15,-2.07,-0.77,-1.41,5.76335100017942
2022-12-01,1.0,-0.02,0.04,-0.69,-0.32,-0.32,-0.2092164134886283
2022-12-02,1.0,-0.08,0.84,-0.55,-0.42,0.31,-3.2426389928805817
2022-12-05,1.0,-2.02,-0.55,-0.51,0.87,0.97,-1.8298177506840547
2022-12-06,1.0,-1.51,-0.02,1.16,0.82,0.71,-4.566402035500001
2022-12-07,1.0,-0.24,-0.17,-0.34,0.08,-0.21,-0.20099681176631368
2022-12-08,1.0,0.77,-0.09,-1.22,-0.57,-0.63,0.45449021090153074
2022-12-09,1.0,-0.8,-0.53,0.36,0.24,0.14,-2.6838087842294196
2022-12-12,1.0,1.41,-0.28,-0.16,-0.24,-0.13,3.0165148594674056
2022-12-13,1.0,0.66,0.08,-0.74,-0.28,-0.59,1.3707318272610785
2022-12-14,1.0,-0.56,0.04,-0.43,-0.15,-0.08,-3.8122333046436925
2022-12-15,1.0,-2.57,-0.11,1.37,0.26,0.36,-3.497795321707981
2022-12-16,1.0,-1.02,0.55,0.19,-0.05,0.4,-1.6994437663269975
2022-12-19,1.0,-1.01,-0.62,1.24,0.68,1.18,-1.269642070492289
2022-12-20,1.0,0.13,0.25,0.25,-0.5,0.46,0.6961949836639496
2022-12-21,1.0,1.52,0.14,-0.13,0.37,-0.28,4.027039400513759
2022-12-22,1.0,-1.52,0.21,0.37,-0.08,0.87,-5.660207561464931
2022-12-23,1.0,0.51,-0.34,1.16,0.86,0.46,1.017504582534972
2022-12-27,1.0,-0.51,-0.44,1.42,1.16,1.22,-1.9533779453490836
2022-12-28,1.0,-1.23,-0.3,-0.29,-0.96,-0.04,-1.1223707252645605
2022-12-29,1.0,1.87,1.03,-1.07,-1.02,-0.82,3.5799725283267296
2022-12-30,1.0,-0.22,0.14,-0.03,-0.54,0.0,-0.0931413946208388
2023-01-03,1.0,-0.47,0.05,-0.12,0.25,0.52,-1.174943552372076
2023-01-04,1.0,0.81,0.56,0.04,-0.78,0.0,0.9826986138740782
2023-01-05,1.0,-1.14,0.15,1.21,0.78,0.8,-3.620466902399921
2023-01-06,1.0,2.21,-0.01,0.04,0.85,0.14,2.598108624312379
2023-01-09,1.0,0.04,0.35,-1.24,-0.69,-1.0,5.1112032930690665
2023-01-10,1.0,0.8,0.86,-0.57,-0.46,-0.47,1.1876478490814084
2023-01-11,1.0,1.26,0.02,-0.82,-0.18,-1.02,1.4671946532577755
2023-01-12,1.0,0.46,1.4,-0.3,-1.12,-0.51,2.5025562622019497
2023-01-13,1.0,0.46,0.23,-0.29,-0.21,-0.26,0.26548155313777
2023-01-17,1.0,-0.18,-0.02,-0.52,-0.62,-0.4,0.8139807575924255
2023-01-18,1.0,-1.54,0.03,-0.7,0.33,-0.09,-1.4976503880664733
2023-01-19,1.0,-0.86,-0.09,0.84,0.57,0.64,-4.0152982328534925
2023-01-20,1.0,1.95,-0.03,-0.71,-0.18,-0.73,3.4684536143285265
2023-01-23,1.0,1.29,-0.04,-1.01,-0.48,-1.0,9.202350810058336
2023-01-24,1.0,-0.16,-0.17,0.21,-0.22,0.36,-2.4082215604918407
2023-01-25,1.0,0.0,0.13,0.65,0.03,0.23,0.26413349725127355
2023-01-26,1.0,1.08,-0.62,0.02,-0.2,-0.34,0.31673379759484843
2023-01-27,1.0,0.36,0.33,-1.15,-0.65,-1.19,0.3023159287863567
2023-01-30,1.0,-1.38,0.04,0.72,0.42,0.82,-3.9294728354603676
2023-01-31,1.0,1.58,0.94,-0.08,-0.06,-0.52,3.7097145498509625
2023-02-01,1.0,1.19,0.63,-1.67,-0.2,-1.08,12.610074079947326
2023-02-02,1.0,1.54,1.16,-2.07,-0.23,-1.64,4.318009210078218
2023-02-03,1.0,-1.08,0.37,0.95,1.02,0.97,-2.531873040512937
2023-02-06,1.0,-0.73,-0.8,0.41,-0.26,0.41,-2.817391491731473
2023-02-07,1.0,1.24,-0.51,-0.05,0.31,-0.36,2.6469179598481345
2023-02-08,1.0,-1.18,-0.68,0.72,-0.33,-0.05,-1.4380921530646005
2023-02-09,1.0,-0.95,-0.61,0.2,0.31,0.41,-1.7655538012382885
2023-02-10,1.0,0.11,-0.31,1.55,0.62,0.85,-2.0970719223332974
2023-02-13,1.0,1.14,0.09,-0.73,0.46,-0.28,2.0070292446066356
2023-02-14,1.0,0.12,-0.05,-0.68,-0.68,-0.89,3.3742769012340705
2023-02-15,1.0,0.51,0.73,-0.9,-1.12,-1.01,-0.9138658178080947
2023-02-16,1.0,-1.37,0.22,0.97,0.83,0.87,-6.005319154554171
2023-02-17,1.0,-0.28,0.65,-0.15,0.17,0.52,-1.9910292144448547
2023-02-21,1.0,-2.16,-1.15,0.91,0.36,0.78,-2.2218259323994833
2023-02-22,1.0,-0.04,0.45,-0.43,-0.37,-0.39,-0.22640958670185204
2023-02-23,1.0,0.46,0.11,-0.24,-0.02,-0.39,4.080680804897637
2023-02-24,1.0,-1.09,-0.26,1.25,0.25,0.37,-2.0995092941810385
2023-02-27,1.0,0.31,0.05,-0.29,0.05,-0.4,0.8527905456077469
2023-02-28,1.0,-0.26,0.53,-0.71,-0.58,-0.15,-0.25920200597779197
2023-03-01,1.0,-0.42,0.4,0.62,0.2,0.61,-0.3850518055100567
2023-03-02,1.0,0.67,-0.5,-0.41,-0.14,0.18,2.730201942440507
2023-03-03,1.0,1.61,-0.07,-0.52,-0.37,-0.65,1.3266083650940335
2023-03-06,1.0,-0.13,-1.61,-0.09,0.31,-0.12,-0.45760082897605203
2023-03-07,1.0,-1.45,0.63,-0.66,-0.11,-0.17,1.154523540384849
2023-03-08,1.0,0.08,0.08,-0.39,0.38,-0.13,3.954286337836759
2023-03-09,1.0,-2.02,-0.68,-0.66,1.03,0.62,-1.5856426428178922
2023-03-10,1.0,-1.68,-1.38,0.8,0.98,1.07,-1.6344703440536463
2023-03-13,1.0,-0.34,-1.17,-3.52,-1.01,-0.61,-0.8143501237850188
2023-03-14,1.0,1.71,0.0,-0.4,-0.21,-0.45,6.617330899047052
2023-03-15,1.0,-0.79,-0.52,-1.81,0.35,-0.42,2.5340325154424352
2023-03-16,1.0,1.76,0.0,-0.19,0.07,-0.71,7.700322642057283
2023-03-17,1.0,-1.21,-1.05,-1.55,0.27,-0.24,1.267641701197058
2023-03-20,1.0,0.84,-0.36,0.75,0.51,0.7,-1.0687379577363938
2023-03-21,1.0,1.49,0.47,0.67,-0.26,-1.07,-0.9249941902801435
2023-03-22,1.0,-1.74,-0.81,-0.47,0.79,0.2,1.7040057548523606
2023-03-23,1.0,0.21,-0.44,-1.55,0.06,-0.83,2.7509572633507666
2023-03-24,1.0,0.46,0.18,0.72,0.36,0.38,-2.3394960704204943
2023-03-27,1.0,0.27,0.51,1.01,-0.27,0.36,-1.3840412247472518
2023-03-28,1.0,-0.17,-0.02,0.75,0.09,0.55,-2.1379366926886862
2023-03-29,1.0,1.39,-0.35,-0.54,-0.89,-0.52,1.6020190554138107
2023-03-30,1.0,0.5,-0.61,-0.58,0.2,-0.11,1.846837947493512
2023-03-31,1.0,1.53,0.51,-0.77,-0.45,-0.76,0.11682068498214894
2023-04-03,1.0,0.28,-0.19,0.78,0.51,0.7,-1.4974455117154937
2023-04-04,1.0,-0.72,-1.13,-0.72,0.0,0.0,-0.7325762525449739
2023-04-05,1.0,-0.4,-1.01,1.4,0.79,1.17,-3.470597364305687
2023-04-06,1.0,0.34,-0.03,-0.53,-0.41,-0.14,-0.11523027254149308
2023-04-10,1.0,0.2,0.85,0.27,-0.06,-0.11,3.237112032545915
2023-04-11,1.0,0.06,0.71,0.58,0.05,0.12,-1.5366473886224739
2023-04-12,1.0,-0.51,-0.43,0.37,0.49,0.4,-1.8259304161561782
2023-04-13,1.0,1.39,0.16,-1.17,-0.22,-0.68,-0.27794312618256023
2023-04-14,1.0,-0.23,-0.76,0.2,0.61,0.1,-0.38720007754494
2023-04-17,1.0,0.33,0.7,-0.2,-1.3,-0.25,-2.0670433279759854
2023-04-18,1.0,0.04,-0.4,-0.3,-0.02,0.18,-0.11814906479857144
2023-04-19,1.0,-0.04,0.26,0.4,-0.02,0.12,0.16021749196356153
2023-04-20,1.0,-0.61,0.12,-0.26,0.72,0.48,0.1710128578282635
2023-04-21,1.0,0.08,0.09,-0.91,-0.61,-0.1,-1.8823882963005898
2023-04-24,1.0,0.0,-0.27,0.47,0.65,0.29,-0.9905213246451037
2023-04-25,1.0,-1.76,-0.83,0.11,0.44,0.88,-4.323123508284348
2023-04-26,1.0,-0.41,-0.05,-0.75,0.04,-0.33,2.535698462667953
2023-04-27,1.0,1.85,-0.6,0.01,0.47,-0.19,1.7274037204882589
2023-04-28,1.0,0.77,0.23,0.17,0.11,0.22,2.189228100741521
2023-05-01,1.0,-0.02,0.17,-0.78,-0.5,0.18,0.34206163700320413
2023-05-02,1.0,-1.28,-0.73,-1.39,0.7,0.05,0.2292906842620006
2023-05-03,1.0,-0.56,0.86,-1.02,-0.91,-0.44,-9.23633208527272
2023-05-04,1.0,-0.78,-0.47,-0.99,-0.55,-0.27,6.09769480011259
2023-05-05,1.0,1.9,0.49,0.6,0.25,-0.65,3.713356546330531
2023-05-08,1.0,0.08,-0.38,-0.27,-0.55,-0.4,5.772073007126315
2023-05-09,1.0,-0.43,0.12,-0.05,-0.37,-0.4,0.005040238713987413
2023-05-10,1.0,0.43,0.2,-1.31,-0.08,-0.79,2.045854759952575
2023-05-11,1.0,-0.21,-0.51,-0.08,0.85,0.11,0.06645911546360674
2023-05-12,1.0,-0.22,-0.1,0.35,0.4,0.47,-1.910949914320565
2023-05-15,1.0,0.47,0.78,0.01,-0.73,-0.46,2.2304826177392316
2023-05-16,1.0,-0.72,-0.45,-0.46,0.75,-0.1,4.172913518621096
2023-05-17,1.0,1.32,0.85,1.18,-0.38,-0.28,2.2208905872836686
2023-05-18,1.0,0.99,-0.23,-0.38,0.16,-0.7,4.012915956795931
2023-05-19,1.0,-0.26,-0.39,-0.3,-0.02,0.18,-1.9709713743958752
2023-05-22,1.0,0.17,1.12,-0.22,-1.24,-0.91,2.044102354434612
2023-05-23,1.0,-1.09,0.61,1.05,0.21,0.19,0.09511365424261166
2023-05-24,1.0,-0.72,-0.39,-0.19,-0.03,-0.05,0.12272909052354831
2023-05-25,1.0,0.64,-1.09,-1.08,1.35,-1.23,11.141293992424155
2023-05-26,1.0,1.32,-0.29,-0.87,-0.26,-0.52,5.5344780971078915
2023-05-30,1.0,-0.01,-0.25,-0.41,-0.36,-0.96,-1.4015011832978992
2023-05-31,1.0,-0.6,-0.25,-1.12,-0.95,0.08,-5.651824816623813
2023-06-01,1.0,1.01,0.05,-0.07,-0.12,-0.39,1.04690148548269
2023-06-02,1.0,1.62,1.74,1.63,0.43,0.75,-1.366619146146428
2023-06-05,1.0,-0.26,-1.09,-0.73,-0.61,-0.41,0.04039224033744139
2023-06-06,1.0,0.47,2.25,1.32,-0.17,-0.41,5.32315469808772
2023-06-07,1.0,-0.36,1.89,2.24,0.74,1.28,-5.170735774723143
2023-06-08,1.0,0.59,-0.78,-1.15,-0.16,-0.5,2.7137515663794876
2023-06-09,1.0,0.03,-0.79,-0.4,0.06,-0.23,3.178021907990205
2023-06-12,1.0,0.94,-0.27,-1.4,-0.22,-0.77,3.3991911103505323
2023-06-13,1.0,0.74,0.52,0.07,-0.55,-0.51,-3.6260930985723228
2023-06-14,1.0,-0.04,-1.06,-0.92,0.63,-0.24,2.229456660406961
2023-06-15,1.0,1.22,-0.36,0.06,0.22,-0.09,-2.4457681794154618
2023-06-16,1.0,-0.45,-0.51,0.21,0.16,0.35,-3.367354881071658
2023-06-20,1.0,-0.48,0.21,-0.66,-0.11,-0.51,-0.9766961262016681
2023-06-21,1.0,-0.56,0.29,0.54,0.59,0.86,-5.753465380748355
2023-06-22,1.0,0.32,-0.96,-1.23,0.25,-0.53,-1.2766965965863883
2023-06-23,1.0,-0.84,-0.6,0.07,0.27,0.06,-0.6423015637157835
2023-06-26,1.0,-0.48,0.0,1.3,0.63,0.67,-2.2915206358092166
2023-06-27,1.0,1.21,0.32,-0.52,0.24,-0.71,2.6598179668795874
2023-06-28,1.0,0.04,0.47,-0.42,-0.62,-0.42,-0.21829452116996814
2023-06-29,1.0,0.44,0.76,0.76,0.58,0.46,0.952226025785521
2023-06-30,1.0,1.14,-0.73,-0.77,-0.1,-0.29,2.3812210082830765
2023-07-03,1.0,0.15,0.27,1.08,0.16,0.11,1.6547588195155003
2023-07-05,1.0,-0.29,-1.06,-0.26,-0.29,-0.01,-1.6365767151695134
2023-07-06,1.0,-0.95,-0.59,-0.68,0.57,0.06,-0.4344559928878946
2023-07-07,1.0,-0.12,1.3,1.25,-0.2,0.19,-0.29518045366390155
2023-07-10,1.0,0.37,1.24,-0.01,-1.01,0.54,0.34029006692860553
2023-07-11,1.0,0.75,0.18,0.49,-0.22,0.29,-2.011788783057178
2023-07-12,1.0,0.74,0.37,0.43,-0.3,-0.45,2.906496357498678
2023-07-13,1.0,0.9,-0.07,-0.1,-0.17,-0.67,1.1474853521353687
2023-07-14,1.0,-0.25,-0.7,-1.51,0.42,-0.54,-0.0047430359067292885
2023-07-17,1.0,0.49,0.64,-0.27,-0.39,-0.06,2.0307835115587314
2023-07-18,1.0,0.78,0.44,1.09,0.63,-0.44,-0.3516140894644473
2023-07-19,1.0,0.25,0.26,1.32,0.15,0.18,-1.293940978646946
2023-07-20,1.0,-0.81,-0.35,0.65,0.45,1.48,-5.329910580586894
2023-07-21,1.0,-0.05,-0.37,-0.37,-0.16,0.11,0.612917866886342
2023-07-24,1.0,0.31,-0.03,0.78,0.96,-0.22,-0.32844105204368224
2023-07-25,1.0,0.25,-0.23,-0.79,0.47,-0.4,2.138744396040415
2023-07-26,1.0,0.02,0.87,1.02,-0.35,0.64,-2.59722447974281
2023-07-27,1.0,-0.75,-0.81,0.26,0.39,0.13,0.8954331636187416
2023-07-28,1.0,1.14,0.42,-0.32,-0.76,-0.39,1.652167989106512
2023-07-31,1.0,0.26,1.0,-0.09,-0.94,0.06,1.2527897070443548
2023-08-01,1.0,-0.35,-0.11,0.31,0.19,-0.28,2.777200092273
2023-08-02,1.0,-1.49,-0.04,0.59,0.68,0.69,-7.035306213473704
2023-08-03,1.0,-0.2,0.02,0.08,0.33,-0.34,3.4550828575979664
2023-08-04,1.0,-0.49,0.07,0.77,-0.17,-0.66,2.339697863843735
2023-08-07,1.0,0.77,-1.08,0.57,0.66,-0.1,0.8347728081316652
2023-08-08,1.0,-0.47,0.11,0.12,0.51,0.03,-3.0848011955178523
2023-08-09,1.0,-0.78,-0.02,-0.04,0.85,0.03,-2.457518373579961
2023-08-10,1.0,0.01,-0.45,-0.67,-0.02,-0.06,-0.23725161683491255
2023-08-11,1.0,-0.11,0.25,0.47,-0.21,0.37,-2.433139418581045
2023-08-14,1.0,0.51,-0.85,-0.79,0.11,-0.63,4.079659453956073
2023-08-15,1.0,-1.18,0.0,-1.04,0.19,0.05,-0.5826048079355517
2023-08-16,1.0,-0.81,-0.48,-0.14,0.38,0.02,-3.7559641578097236
2023-08-17,1.0,-0.87,-0.17,0.5,0.49,0.16,-2.585537771587645
2023-08-18,1.0,0.04,0.41,-0.22,0.07,-0.12,0.9470571459461374
2023-08-21,1.0,0.64,-0.88,-0.58,0.17,-0.87,2.6068414913473537
2023-08-22,1.0,-0.32,-0.01,-1.05,-0.33,-0.22,-2.3855493713892195
2023-08-23,1.0,1.08,-0.22,-0.11,-0.38,-0.25,3.5480451565405002
2023-08-24,1.0,-1.43,0.01,0.62,0.53,0.4,-6.992491302329908
2023-08-25,1.0,0.65,-0.24,-0.58,-0.36,-0.17,0.422040210954997
2023-08-28,1.0,0.63,0.09,0.41,0.26,0.03,0.33207883652963455
2023-08-29,1.0,1.5,-0.08,-0.11,-0.05,-0.44,3.2058040531186083
2023-08-30,1.0,0.41,0.09,-0.45,-0.42,-0.03,0.6125511523108673
2023-08-31,1.0,-0.08,-0.19,0.21,0.06,-0.26,-0.8362070992381088
2023-09-01,1.0,0.26,0.84,0.59,-0.02,-0.2,3.5071835834945375
2023-09-05,1.0,-0.54,-1.58,-0.85,-0.32,-0.48,1.1941684496470417
2023-09-06,1.0,-0.71,0.02,-0.18,-0.45,0.1,-1.3750350392929667
2023-09-07,1.0,-0.4,-0.69,0.03,-0.21,0.0,-2.482568879442444
2023-09-08,1.0,0.12,-0.51,0.39,0.29,0.01,-0.4900871725100743
2023-09-11,1.0,0.66,-0.47,-0.53,-0.49,-0.34,-0.7467957108547819
2023-09-12,1.0,-0.59,0.2,1.02,0.26,0.24,-0.030496901119876445
2023-09-13,1.0,0.03,-0.87,-0.22,0.27,-0.36,2.2579873530702166
2023-09-14,1.0,0.84,0.49,0.86,0.83,0.02,-1.0236941233261754
2023-09-15,1.0,-1.21,0.21,0.25,-0.32,0.48,-4.841406566674351
2023-09-18,1.0,-0.04,-0.81,-0.19,0.21,-0.05,0.8460853299196368
2023-09-19,1.0,-0.27,-0.11,-0.01,0.34,0.31,-0.7634070683204498
2023-09-20,1.0,-0.95,-0.05,0.27,0.26,0.5,-1.2708811778685836
2023-09-21,1.0,-1.69,0.34,0.38,0.55,0.14,-4.236662628982697
2023-09-22,1.0,-0.25,-0.09,-0.5,0.17,-0.18,0.0726388901457752
2023-09-25,1.0,0.39,-0.07,0.35,0.59,-0.46,1.205611582753634
2023-09-26,1.0,-1.46,0.35,-0.5,-0.36,-0.08,-1.4792031310290232
2023-09-27,1.0,0.13,0.78,0.12,0.18,-0.27,2.1778335040459496
2023-09-28,1.0,0.65,0.19,0.03,0.43,-0.03,4.761300862649813
2023-09-29,1.0,-0.27,-0.02,0.3,-0.18,-0.15,0.03738610095998397
2023-10-02,1.0,-0.14,-1.28,-1.05,0.86,-0.52,0.41665507642268274
2023-10-03,1.0,-1.5,-0.26,-0.14,0.29,0.15,-3.1099851028438996
2023-10-04,1.0,0.77,-0.53,-0.39,-0.39,-0.33,3.9658083440936176
2023-10-05,1.0,-0.15,0.28,0.08,-0.45,-0.12,-1.1356305718424342
2023-10-06,1.0,1.21,-0.44,-0.55,-0.32,-0.52,4.1865542197793415
2023-10-09,1.0,0.58,-0.16,0.26,0.81,-0.38,-0.2727686016829224
2023-10-10,1.0,0.61,0.32,0.64,-0.24,0.19,1.8860775846009137
2023-10-11,1.0,0.32,-0.65,0.39,0.64,-0.25,-0.6631471093651765
2023-10-12,1.0,-0.81,-1.49,0.12,1.18,-0.22,0.42217548495365065
2023-10-13,1.0,-0.59,-0.35,0.06,0.08,0.46,-3.4220520695828216
2023-10-16,1.0,1.14,0.58,-0.09,-0.36,-0.02,1.2826471541754803
2023-10-17,1.0,0.09,1.05,0.7,-0.07,0.33,-1.2609020347321653
2023-10-18,1.0,-1.47,-0.6,-0.17,0.85,0.46,-2.8458061993003336
2023-10-19,1.0,-0.92,-0.54,-0.22,-0.05,0.0,0.20411829407421136
2023-10-20,1.0,-1.32,0.08,-0.15,0.2,0.37,-0.5971757407162227
2023-10-23,1.0,-0.23,-0.58,-0.78,0.17,-0.44,-1.7889947603646217
2023-10-24,1.0,0.71,0.09,-0.58,-0.9,0.15,1.6388300142556256
2023-10-25,1.0,-1.58,-0.02,0.84,1.5,0.2,-5.538852573410509
2023-10-26,1.0,-1.15,1.19,1.66,-0.76,0.48,-2.5090277434846
2023-10-27,1.0,-0.53,-0.58,-0.57,0.42,-0.96,2.925516697109858
2023-10-30,1.0,1.15,-0.34,0.28,-0.14,0.17,-0.2802554176177653
2023-10-31,1.0,0.63,0.05,-0.08,-0.84,0.06,2.3911435719099083
2023-11-01,1.0,0.93,-0.68,-0.03,0.12,-0.71,9.664280117286642
2023-11-02,1.0,1.95,0.71,1.64,-0.25,0.53,-0.2153716056026723
2023-11-03,1.0,1.1,1.74,0.59,-1.18,0.18,4.0780430250297695
2023-11-06,1.0,0.01,-1.23,-0.65,0.88,-0.19,-0.46643429844098316
2023-11-07,1.0,0.35,-0.41,-1.21,-1.31,-0.07,1.5002500655411133
2023-11-08,1.0,-0.04,-1.0,-0.44,0.44,0.04,0.10240184523080832
2023-11-09,1.0,-0.89,-1.01,0.49,0.54,-0.3,-0.10903457817150307
2023-11-10,1.0,1.49,-0.62,-0.44,0.74,-0.35,4.472786739024341
2023-11-13,1.0,-0.05,0.06,-0.27,-0.3,-0.18,-1.5388307428517556
2023-11-14,1.0,2.18,3.22,1.18,-0.98,-0.23,2.624771310615519
2023-11-15,1.0,0.18,0.13,0.49,-0.14,0.5,-1.5892326463886897
2023-11-16,1.0,-0.11,-1.5,-0.31,-0.44,-0.37,1.5298490093683714
2023-11-17,1.0,0.25,1.22,0.62,0.03,0.37,0.6382680492829794
2023-11-20,1.0,0.73,-0.11,-0.28,-0.32,-0.31,0.733432110755876
2023-11-21,1.0,-0.32,-0.96,-0.61,0.42,-0.03,-1.9711317707502851
2023-11-22,1.0,0.42,0.2,-0.05,-0.38,0.01,2.7903447223620192
2023-11-24,1.0,0.11,0.62,0.19,-0.51,0.24,-0.18425571312481023
2023-11-27,1.0,-0.23,-0.14,-0.08,0.12,-0.25,0.25698542561681126
2023-11-28,1.0,0.06,-0.3,0.05,-0.17,0.02,-0.542809524407868
2023-11-29,1.0,0.02,0.58,0.69,-0.78,-0.06,1.4870700808743242
2023-11-30,1.0,0.35,-0.4,0.02,-0.11,0.19,-2.1929780744073213
2023-12-01,1.0,0.82,2.23,1.06,-0.37,0.57,0.1688280955656473
2023-12-04,1.0,-0.44,1.5,0.5,-0.43,0.77,-2.344090624436308
2023-12-05,1.0,-0.21,-1.06,-0.83,0.19,-0.41,-0.181244953947275
2023-12-06,1.0,-0.39,0.36,0.31,-0.23,0.26,-1.3387881354856201
2023-12-07,1.0,0.81,0.1,0.47,0.06,-0.19,9.866001757007385
2023-12-08,1.0,0.44,0.16,0.53,-0.14,-0.09,0.4074514081781543
2023-12-11,1.0,0.34,-0.43,-0.12,0.02,0.65,4.237459177116647
2023-12-12,1.0,0.34,-0.64,-0.88,-0.38,-0.22,2.359772904587225
2023-12-13,1.0,1.55,1.92,1.35,-0.99,0.17,0.40048232576277865
2023-12-14,1.0,0.51,1.84,2.05,0.05,0.41,-0.15849362330810476
2023-12-15,1.0,-0.06,-0.59,-0.57,0.14,-0.35,0.8123289104959229
2023-12-18,1.0,0.42,-0.51,-0.38,0.35,-0.25,-0.20066224287869758
2023-12-19,1.0,0.72,1.5,0.7,-0.38,0.06,0.8789280453039882
2023-12-20,1.0,-1.56,-0.34,0.13,0.76,0.08,-3.360274262999914
2023-12-21,1.0,1.09,0.75,-0.03,-0.57,-0.17,3.256480181145598
2023-12-22,1.0,0.21,0.61,0.09,-0.64,0.19,-0.2425692591520546
2023-12-26,1.0,0.48,0.81,0.46,-0.34,-0.15,2.708224492847493
2023-12-27,1.0,0.16,0.16,0.12,-0.31,-0.14,1.8338243457106707
2023-12-28,1.0,-0.01,-0.38,0.03,-0.32,0.15,1.8205739356036688
2023-12-29,1.0,-0.43,-1.13,-0.37,0.67,-0.07,-0.9284958957897339
